Date,Year, Month , PPAN , HDAN , Baltic AN , Ammonia , Urea , Natural_gas ,  Brent  ,
7/10/2026,2026,7, 463.56 , 459.24 , 392.50 , 770.00 , 362.00 , 3.24 , 76.00 ,
7/3/2026,2026,7, 487.73 , 467.09 , 392.50 , 770.00 , 362.00 , 3.24 , 72.10 ,
6/26/2026,2026,6, 516.61 , 492.57 , 392.50 , 770.00 , 362.00 , 3.24 , 72.60 ,
6/19/2026,2026,6, 551.70 , 493.15 , 417.50 , 790.00 , 395.00 , 3.19 , 80.59 ,
6/12/2026,2026,6, 601.62 , 528.29 , 417.50 , 800.00 , 395.00 , 3.15 , 87.33 ,
6/5/2026,2026,6, 635.88 , 563.96 , 442.50 , 800.00 , 472.50 , 3.23 , 93.09 ,
5/29/2026,2026,5, 676.56 , 587.09 , 467.50 , 800.00 , 545.00 , 3.03 , 91.12 ,
5/22/2026,2026,5, 704.81 , 590.62 , 500.00 , 762.50 , 582.50 , 3.02 , 103.54 ,
5/15/2026,2026,5, 723.46 , 613.20 , 500.00 , 762.50 , 617.50 , 2.85 , 109.26 ,
5/8/2026,2026,5, 715.22 , 619.55 , 500.00 , 762.50 , 682.50 , 2.79 , 101.29 ,
5/1/2026,2026,5, 724.82 , 608.58 , 510.00 , 762.50 , 717.50 , 2.61 , 108.17 ,
4/24/2026,2026,4, 699.91 , 577.74 , 537.50 , 700.00 , 717.50 , 2.68 , 105.33 ,
4/17/2026,2026,4, 670.93 , 556.54 , 500.00 , 700.00 , 717.50 , 2.63 , 90.38 ,
4/10/2026,2026,4, 620.35 , 570.73 , 440.00 , 670.00 , 722.50 , 2.74 , 103.44 ,
4/3/2026,2026,4, 584.56 , 503.65 , 415.00 , 662.50 , 720.00 , 2.85 , 110.27 ,
3/27/2026,2026,3, 561.98 , 510.99 , 415.00 , 625.00 , 632.50 , 2.98 , 111.27 ,
3/20/2026,2026,3, 495.00 , 465.00 , 415.00 , 575.00 , 647.50 , 3.08 , 112.27 ,
3/13/2026,2026,3, 495.00 , 465.00 , 375.00 , 550.00 , 597.50 , 3.14 , 103.20 ,
3/6/2026,2026,3, 495.00 , 465.00 , 375.00 , 580.00 , 537.50 , 3.02 , 92.72 ,
2/27/2026,2026,2, 364.00 , 348.00 , 330.00 , 480.00 , 441.50 , 2.91 , 72.77 ,
2/20/2026,2026,2, 364.00 , 348.00 , 330.00 , 487.50 , 428.50 , 3.07 , 71.97 ,
2/13/2026,2026,2, 364.00 , 348.00 , 330.00 , 495.00 , 402.50 , 3.17 , 67.33 ,
2/6/2026,2026,2, 364.00 , 348.00 , 322.50 , 510.00 , 425.00 , 3.39 , 66.32 ,
1/30/2026,2026,1, 361.00 , 346.00 , 322.50 , 520.00 , 410.00 , 5.90 , 64.59 ,
1/23/2026,2026,1, 361.00 , 346.00 , 277.50 , 520.00 , 386.00 , 4.44 , 64.59 ,
1/16/2026,2026,1, 361.00 , 346.00 , 277.50 , 520.00 , 374.50 , 3.24 , 64.59 ,
1/9/2026,2026,1, 361.00 , 346.00 , 262.50 , 520.00 , 368.50 , 3.39 , 64.59 ,
1/2/2026,2026,1, 361.00 , 346.00 , 262.50 , 520.00 , 355.00 , 3.99 , 64.59 ,
12/26/2025,2025,12, 360.00 , 328.00 , 262.50 , 500.00 , 342.50 , 4.25 , 61.81 ,
12/19/2025,2025,12, 360.00 , 328.00 , 262.50 , 500.00 , 342.50 , 3.96 , 61.81 ,
12/12/2025,2025,12, 360.00 , 328.00 , 255.00 , 500.00 , 340.00 , 4.49 , 61.81 ,
12/5/2025,2025,12, 360.00 , 328.00 , 255.00 , 487.50 , 360.00 , 5.02 , 61.81 ,
11/28/2025,2025,11, 360.00 , 328.00 , 255.00 , 475.00 , 363.00 , 4.60 , 63.69 ,
11/21/2025,2025,11, 360.00 , 328.00 , 242.50 , 470.00 , 363.00 , 4.47 , 63.69 ,
11/14/2025,2025,11, 360.00 , 328.00 , 242.50 , 425.00 , 372.50 , 4.53 , 63.69 ,
11/7/2025,2025,11, 360.00 , 328.00 , 250.00 , 425.00 , 372.50 , 4.30 , 63.69 ,
10/31/2025,2025,10, 411.00 , 375.00 , 250.00 , 425.00 , 370.00 , 3.65 , 63.98 ,
10/24/2025,2025,10, 411.00 , 375.00 , 250.00 , 412.50 , 352.50 , 3.39 , 63.98 ,
10/17/2025,2025,10, 411.00 , 375.00 , 232.50 , 402.50 , 362.50 , 3.02 , 63.98 ,
10/10/2025,2025,10, 411.00 , 375.00 , 237.50 , 380.00 , 370.00 , 3.31 , 63.98 ,
10/3/2025,2025,10, 411.00 , 375.00 , 255.00 , 380.00 , 372.50 , 3.36 , 63.98 ,
9/26/2025,2025,9, 391.00 , 373.00 , 265.00 , 375.00 , 377.50 , 2.85 , 67.61 ,
9/19/2025,2025,9, 391.00 , 373.00 , 275.00 , 362.50 , 387.50 , 3.01 , 67.61 ,
9/12/2025,2025,9, 391.00 , 373.00 , 287.50 , 345.00 , 382.00 , 3.02 , 67.61 ,
9/5/2025,2025,9, 391.00 , 373.00 , 295.00 , 327.50 , 407.50 , 3.05 , 67.61 ,
8/29/2025,2025,8, 370.00 , 370.00 , 305.00 , 327.50 , 440.00 , 2.84 , 67.24 ,
8/22/2025,2025,8, 370.00 , 370.00 , 310.00 , 325.00 , 444.50 , 2.79 , 67.24 ,
8/15/2025,2025,8, 370.00 , 370.00 , 313.50 , 325.00 , 447.00 , 2.87 , 67.24 ,
8/8/2025,2025,8, 370.00 , 370.00 , 297.50 , 325.00 , 447.50 , 3.02 , 67.24 ,
8/1/2025,2025,8, 370.00 , 370.00 , 317.50 , 315.00 , 440.00 , 3.06 , 67.24 ,
7/25/2025,2025,7, 320.00 , 308.00 , 320.00 , 315.00 , 428.00 , 3.17 , 69.56 ,
7/18/2025,2025,7, 320.00 , 308.00 , 320.00 , 307.50 , 443.00 , 3.53 , 69.56 ,
7/11/2025,2025,7, 320.00 , 308.00 , 307.50 , 307.50 , 405.00 , 3.32 , 69.56 ,
7/4/2025,2025,7, 320.00 , 308.00 , 307.50 , 290.00 , 395.00 , 3.44 , 69.56 ,
6/27/2025,2025,6, 315.00 , 308.00 , 300.00 , 290.00 , 432.50 , 3.53 , 69.85 ,
6/20/2025,2025,6, 315.00 , 308.00 , 230.00 , 290.00 , 392.50 , 3.86 , 69.85 ,
6/13/2025,2025,6, 315.00 , 308.00 , 230.00 , 290.00 , 352.50 , 3.55 , 69.85 ,
6/6/2025,2025,6, 315.00 , 308.00 , 217.50 , 290.00 , 352.50 , 3.72 , 69.85 ,
5/30/2025,2025,5, 325.00 , 321.00 , 210.00 , 302.50 , 355.00 , 3.39 , 64.09 ,
5/23/2025,2025,5, 325.00 , 321.00 , 217.50 , 302.50 , 355.00 , 3.30 , 64.09 ,
5/16/2025,2025,5, 325.00 , 321.00 , 215.00 , 302.50 , 350.00 , 3.50 , 64.09 ,
5/9/2025,2025,5, 325.00 , 321.00 , 215.00 , 302.50 , 347.50 , 3.60 , 64.09 ,
5/2/2025,2025,5, 325.00 , 321.00 , 215.00 , 302.50 , 347.50 , 3.40 , 64.09 ,
4/25/2025,2025,4, 315.00 , 305.00 , 220.00 , 302.50 , 345.00 , 2.98 , 66.93 ,
4/18/2025,2025,4, 315.00 , 305.00 , 227.50 , 302.50 , 345.00 , 3.29 , 66.93 ,
4/11/2025,2025,4, 315.00 , 305.00 , 227.50 , 302.50 , 345.00 , 3.60 , 66.93 ,
4/4/2025,2025,4, 315.00 , 305.00 , 222.50 , 302.50 , 330.00 , 4.02 , 66.93 ,
3/28/2025,2025,3, 311.00 , 301.00 , 227.50 , 302.50 , 310.00 , 3.93 , 71.74 ,
3/21/2025,2025,3, 311.00 , 301.00 , 240.00 , 302.50 , 325.00 , 4.05 , 71.74 ,
3/14/2025,2025,3, 311.00 , 301.00 , 240.00 , 315.00 , 385.00 , 4.25 , 71.74 ,
3/7/2025,2025,3, 311.00 , 301.00 , 237.50 , 315.00 , 390.00 , 4.32 , 71.74 ,
2/28/2025,2025,2, 310.00 , 308.00 , 237.50 , 315.00 , 390.00 , 3.97 , 75.19 ,
2/21/2025,2025,2, 310.00 , 308.00 , 237.50 , 352.50 , 395.00 , 4.17 , 75.19 ,
2/14/2025,2025,2, 310.00 , 308.00 , 242.50 , 352.50 , 375.00 , 3.58 , 75.19 ,
2/7/2025,2025,2, 310.00 , 308.00 , 242.50 , 352.50 , 375.00 , 3.34 , 75.19 ,
1/31/2025,2025,1, 301.00 , 276.00 , 225.00 , 352.50 , 362.50 , 3.36 , 78.19 ,
1/24/2025,2025,1, 301.00 , 276.00 , 225.00 , 410.00 , 362.50 , 3.92 , 78.19 ,
1/17/2025,2025,1, 301.00 , 276.00 , 219.00 , 410.00 , 362.50 , 4.04 , 78.19 ,
1/10/2025,2025,1, 301.00 , 276.00 , 219.00 , 410.00 , 317.50 , 3.69 , 78.19 ,
1/3/2025,2025,1, 301.00 , 276.00 , 219.00 , 410.00 , 317.50 , 3.65 , 78.19 ,
12/27/2024,2024,12, 270.00 , 244.00 , 219.00 , 410.00 , 317.50 , 3.71 , 73.23 ,
12/20/2024,2024,12, 270.00 , 244.00 , 219.00 , 410.00 , 317.50 , 3.45 , 73.23 ,
12/13/2024,2024,12, 270.00 , 244.00 , 220.00 , 410.00 , 307.50 , 3.29 , 73.23 ,
12/6/2024,2024,12, 270.00 , 244.00 , 222.50 , 430.00 , 307.50 , 3.09 , 73.23 ,
11/29/2024,2024,11, 270.00 , 265.00 , 222.50 , 430.00 , 312.50 , 3.34 , 73.51 ,
11/22/2024,2024,11, 270.00 , 265.00 , 240.00 , 430.00 , 312.50 , 3.13 , 73.51 ,
11/15/2024,2024,11, 270.00 , 265.00 , 240.00 , 430.00 , 312.50 , 2.88 , 73.51 ,
11/8/2024,2024,11, 270.00 , 265.00 , 242.50 , 430.00 , 319.00 , 2.71 , 73.51 ,
11/1/2024,2024,11, 270.00 , 265.00 , 245.00 , 430.00 , 325.00 , 2.57 , 73.51 ,
10/25/2024,2024,10, 270.00 , 259.00 , 247.50 , 430.00 , 325.00 , 2.41 , 75.27 ,
10/18/2024,2024,10, 270.00 , 259.00 , 237.50 , 430.00 , 325.00 , 2.39 , 75.27 ,
10/11/2024,2024,10, 270.00 , 259.00 , 237.50 , 430.00 , 330.00 , 2.69 , 75.27 ,
10/4/2024,2024,10, 270.00 , 259.00 , 247.50 , 430.00 , 307.50 , 2.91 , 75.27 ,
9/27/2024,2024,9, 252.00 , 229.00 , 247.50 , 430.00 , 307.50 , 2.66 , 73.06 ,
9/20/2024,2024,9, 252.00 , 229.00 , 250.00 , 430.00 , 302.50 , 2.35 , 73.06 ,
9/13/2024,2024,9, 252.00 , 229.00 , 252.50 , 347.50 , 297.50 , 2.27 , 73.06 ,
9/6/2024,2024,9, 252.00 , 229.00 , 242.50 , 347.50 , 300.00 , 2.22 , 73.06 ,
8/30/2024,2024,8, 277.00 , 250.00 , 247.50 , 360.00 , 302.50 , 2.01 , 79.02 ,
8/23/2024,2024,8, 277.00 , 250.00 , 242.50 , 352.50 , 300.00 , 2.14 , 79.02 ,
8/16/2024,2024,8, 277.00 , 250.00 , 242.50 , 355.00 , 300.00 , 2.18 , 79.02 ,
8/9/2024,2024,8, 277.00 , 250.00 , 232.50 , 355.00 , 305.00 , 2.07 , 79.02 ,
8/2/2024,2024,8, 277.00 , 250.00 , 230.00 , 305.00 , 307.50 , 2.00 , 79.02 ,
7/26/2024,2024,7, 272.00 , 258.00 , 222.50 , 305.00 , 307.50 , 2.12 , 84.05 ,
7/19/2024,2024,7, 272.00 , 258.00 , 222.50 , 305.00 , 307.50 , 2.13 , 84.05 ,
7/12/2024,2024,7, 272.00 , 258.00 , 225.00 , 305.00 , 312.50 , 2.33 , 84.05 ,
7/5/2024,2024,7, 272.00 , 258.00 , 220.00 , 305.00 , 307.50 , 2.41 , 84.05 ,
6/28/2024,2024,6, 270.00 , 230.00 , 217.50 , 305.00 , 307.50 , 2.70 , 82.92 ,
6/21/2024,2024,6, 270.00 , 230.00 , 215.00 , 305.00 , 302.50 , 2.79 , 82.92 ,
6/14/2024,2024,6, 270.00 , 230.00 , 192.50 , 277.50 , 302.50 , 2.98 , 82.92 ,
6/7/2024,2024,6, 270.00 , 230.00 , 187.50 , 277.50 , 267.50 , 2.77 , 82.92 ,
5/31/2024,2024,5, 300.00 , 260.00 , 180.00 , 277.50 , 260.00 , 2.56 , 83.05 ,
5/24/2024,2024,5, 300.00 , 260.00 , 180.00 , 277.50 , 242.50 , 2.69 , 83.05 ,
5/17/2024,2024,5, 300.00 , 260.00 , 187.50 , 277.50 , 242.50 , 2.45 , 83.05 ,
5/10/2024,2024,5, 300.00 , 260.00 , 182.50 , 277.50 , 255.00 , 2.23 , 83.05 ,
5/3/2024,2024,5, 300.00 , 260.00 , 182.50 , 277.50 , 255.00 , 2.03 , 83.05 ,
4/26/2024,2024,4, 330.00 , 300.00 , 182.50 , 277.50 , 252.50 , 1.70 , 88.97 ,
4/19/2024,2024,4, 330.00 , 300.00 , 182.50 , 280.00 , 252.50 , 1.73 , 88.97 ,
4/12/2024,2024,4, 330.00 , 300.00 , 217.50 , 280.00 , 282.50 , 1.83 , 88.97 ,
4/5/2024,2024,4, 330.00 , 300.00 , 240.00 , 227.00 , 282.50 , 1.82 , 88.97 ,
3/29/2024,2024,3, 330.00 , 300.00 , 240.00 , 305.00 , 300.00 , 1.67 , 84.96 ,
3/22/2024,2024,3, 330.00 , 300.00 , 240.00 , 305.00 , 300.00 , 1.70 , 84.96 ,
3/15/2024,2024,3, 330.00 , 300.00 , 240.00 , 305.00 , 295.00 , 1.71 , 84.96 ,
3/8/2024,2024,3, 330.00 , 300.00 , 215.00 , 305.00 , 310.00 , 1.89 , 84.96 ,
3/1/2024,2024,3, 330.00 , 300.00 , 215.00 , 305.00 , 310.00 , 1.77 , 84.96 ,
2/23/2024,2024,2, 330.00 , 310.00 , 215.00 , 325.00 , 315.00 , 1.67 , 81.80 ,
2/16/2024,2024,2, 330.00 , 310.00 , 217.50 , 325.00 , 305.00 , 1.65 , 81.80 ,
2/9/2024,2024,2, 330.00 , 310.00 , 217.50 , 325.00 , 314.00 , 1.96 , 81.80 ,
2/2/2024,2024,2, 330.00 , 310.00 , 187.50 , 325.00 , 295.00 , 2.16 , 81.80 ,
1/26/2024,2024,1, 330.00 , 310.00 , 187.50 , 425.00 , 295.00 , 2.56 , 79.11 ,
1/19/2024,2024,1, 330.00 , 310.00 , 180.00 , 425.00 , 265.00 , 2.75 , 79.11 ,
1/12/2024,2024,1, 330.00 , 310.00 , 180.00 , 425.00 , 245.00 , 3.12 , 79.11 ,
1/5/2024,2024,1, 330.00 , 310.00 , 180.00 , 425.00 , 275.00 , 2.74 , 79.11 ,
12/29/2023,2023,12, 330.00 , 300.00 , 180.00 , 425.00 , 275.00 , 2.56 , 77.54 ,
12/22/2023,2023,12, 330.00 , 300.00 , 180.00 , 425.00 , 275.00 , 2.52 , 77.54 ,
12/15/2023,2023,12, 330.00 , 300.00 , 172.50 , 425.00 , 292.50 , 2.39 , 77.54 ,
12/8/2023,2023,12, 330.00 , 300.00 , 172.50 , 490.00 , 285.00 , 2.63 , 77.54 ,
12/1/2023,2023,12, 330.00 , 300.00 , 177.50 , 550.00 , 285.00 , 2.78 , 77.54 ,
11/24/2023,2023,11, 280.00 , 300.00 , 194.50 , 550.00 , 330.00 , 2.87 , 82.19 ,
11/17/2023,2023,11, 280.00 , 300.00 , 194.50 , 550.00 , 330.00 , 3.10 , 82.19 ,
11/10/2023,2023,11, 280.00 , 300.00 , 194.50 , 550.00 , 350.00 , 3.12 , 82.19 ,
11/3/2023,2023,11, 280.00 , 300.00 , 202.50 , 550.00 , 357.50 , 3.48 , 82.19 ,
10/27/2023,2023,10, 280.00 , 250.00 , 207.50 , 550.00 , 345.00 , 3.06 , 88.95 ,
10/20/2023,2023,10, 280.00 , 250.00 , 230.00 , 550.00 , 360.00 , 3.02 , 88.95 ,
10/13/2023,2023,10, 280.00 , 250.00 , 230.00 , 550.00 , 360.00 , 3.34 , 88.95 ,
10/6/2023,2023,10, 280.00 , 250.00 , 215.00 , 550.00 , 360.00 , 3.05 , 88.95 ,
9/29/2023,2023,9, 280.00 , 250.00 , 235.00 , 550.00 , 350.00 , 2.79 , 92.67 ,
9/22/2023,2023,9, 280.00 , 250.00 , 240.00 , 445.00 , 350.00 , 2.71 , 92.67 ,
9/15/2023,2023,9, 280.00 , 250.00 , 280.00 , 445.00 , 350.00 , 2.68 , 92.67 ,
9/8/2023,2023,9, 280.00 , 250.00 , 280.00 , 400.00 , 375.50 , 2.57 , 92.67 ,
9/1/2023,2023,9, 280.00 , 250.00 , 245.00 , 400.00 , 320.00 , 2.69 , 92.67 ,
8/25/2023,2023,8, 280.00 , 250.00 , 245.00 , 400.00 , 330.00 , 2.55 , 85.17 ,
8/18/2023,2023,8, 280.00 , 250.00 , 240.00 , 320.00 , 355.00 , 2.64 , 85.17 ,
8/11/2023,2023,8, 280.00 , 250.00 , 190.00 , 320.00 , 350.00 , 2.80 , 85.17 ,
8/4/2023,2023,8, 280.00 , 250.00 , 190.00 , 295.00 , 395.00 , 2.56 , 85.17 ,
7/28/2023,2023,7, 330.00 , 300.00 , 190.00 , 295.00 , 354.00 , 2.64 , 80.11 ,
7/21/2023,2023,7, 330.00 , 300.00 , 152.50 , 325.00 , 312.50 , 2.64 , 80.11 ,
7/14/2023,2023,7, 330.00 , 300.00 , 127.50 , 205.00 , 310.00 , 2.62 , 80.11 ,
7/7/2023,2023,7, 330.00 , 300.00 , 127.50 , 205.00 , 246.50 , 2.64 , 80.11 ,
6/30/2023,2023,6, 330.00 , 300.00 , 130.00 , 205.00 , 246.50 , 2.73 , 74.98 ,
6/23/2023,2023,6, 330.00 , 300.00 , 127.50 , 205.00 , 246.50 , 2.61 , 74.98 ,
6/16/2023,2023,6, 330.00 , 300.00 , 127.50 , 205.00 , 252.50 , 2.42 , 74.98 ,
6/9/2023,2023,6, 330.00 , 300.00 , 150.00 , 205.00 , 255.00 , 2.29 , 74.98 ,
6/2/2023,2023,6, 330.00 , 300.00 , 147.50 , 210.00 , 270.00 , 2.23 , 74.98 ,
5/26/2023,2023,5, 330.00 , 460.00 , 175.00 , 222.50 , 280.00 , 2.32 , 75.75 ,
5/19/2023,2023,5, 330.00 , 460.00 , 172.50 , 247.50 , 297.50 , 2.46 , 75.75 ,
5/12/2023,2023,5, 330.00 , 460.00 , 172.50 , 247.50 , 302.50 , 2.23 , 75.75 ,
5/5/2023,2023,5, 330.00 , 460.00 , 182.50 , 247.50 , 302.50 , 2.19 , 75.75 ,
4/28/2023,2023,4, 550.00 , 460.00 , 192.50 , 247.50 , 302.50 , 2.29 , 83.54 ,
4/21/2023,2023,4, 550.00 , 460.00 , 202.50 , 265.00 , 302.50 , 2.27 , 83.54 ,
4/14/2023,2023,4, 550.00 , 460.00 , 212.50 , 265.00 , 280.00 , 2.11 , 83.54 ,
4/7/2023,2023,4, 550.00 , 460.00 , 211.50 , 305.00 , 260.00 , 2.08 , 83.54 ,
3/31/2023,2023,3, 550.00 , 460.00 , 233.50 , 375.00 , 270.00 , 2.09 , 79.26 ,
3/24/2023,2023,3, 550.00 , 460.00 , 280.00 , 375.00 , 267.50 , 2.22 , 79.26 ,
3/17/2023,2023,3, 550.00 , 460.00 , 265.00 , 375.00 , 315.00 , 2.49 , 79.26 ,
3/10/2023,2023,3, 550.00 , 460.00 , 265.00 , 422.50 , 315.00 , 2.56 , 79.26 ,
3/3/2023,2023,3, 550.00 , 460.00 , 270.00 , 595.00 , 307.50 , 2.81 , 79.26 ,
2/24/2023,2023,2, 540.00 , 500.00 , 270.00 , 615.00 , 290.00 , 2.25 , 83.63 ,
2/17/2023,2023,2, 540.00 , 500.00 , 229.00 , 685.00 , 320.00 , 2.42 , 83.63 ,
2/10/2023,2023,2, 540.00 , 500.00 , 290.00 , 685.00 , 342.50 , 2.48 , 83.63 ,
2/3/2023,2023,2, 540.00 , 500.00 , 290.00 , 690.00 , 347.50 , 2.54 , 83.63 ,
1/27/2023,2023,1, 550.00 , 500.00 , 290.00 , 700.00 , 382.50 , 3.17 , 84.08 ,
1/20/2023,2023,1, 550.00 , 500.00 , 375.00 , 865.00 , 420.00 , 3.34 , 84.08 ,
1/13/2023,2023,1, 550.00 , 500.00 , 375.00 , 865.00 , 387.50 , 3.67 , 84.08 ,
1/6/2023,2023,1, 550.00 , 500.00 , 375.00 , 855.00 , 485.00 , 3.90 , 84.08 ,
12/30/2022,2022,12, 540.00 , 500.00 , 375.00 , 855.00 , 485.00 , 4.76 , 81.50 ,
12/23/2022,2022,12, 540.00 , 500.00 , 357.00 , 865.00 , 485.00 , 5.32 , 81.50 ,
12/16/2022,2022,12, 540.00 , 500.00 , 409.50 , 865.00 , 485.00 , 6.70 , 81.50 ,
12/9/2022,2022,12, 540.00 , 500.00 , 409.50 , 865.00 , 485.00 , 5.80 , 81.50 ,
12/2/2022,2022,12, 540.00 , 500.00 , 392.00 ," 1,022.50 ", 517.50 , 6.78 , 81.50 ,
11/25/2022,2022,11, 550.00 , 500.00 , 392.00 ," 1,022.50 ", 517.50 , 6.97 , 90.94 ,
11/18/2022,2022,11, 550.00 , 500.00 , 392.00 ," 1,022.50 ", 517.50 , 6.17 , 90.94 ,
11/11/2022,2022,11, 550.00 , 500.00 , 392.00 ," 1,022.50 ", 517.50 , 6.21 , 90.94 ,
11/4/2022,2022,11, 550.00 , 500.00 , 387.00 ," 1,050.00 ", 512.50 , 6.14 , 90.94 ,
10/28/2022,2022,10, 530.00 , 500.00 , 387.00 ," 1,050.00 ", 507.50 , 5.46 , 93.72 ,
10/21/2022,2022,10, 530.00 , 500.00 , 387.00 ," 1,050.00 ", 537.50 , 5.50 , 93.72 ,
10/14/2022,2022,10, 530.00 , 500.00 , 387.00 ," 1,050.00 ", 540.00 , 6.53 , 93.72 ,
10/7/2022,2022,10, 530.00 , 500.00 , 359.50 ," 1,050.00 ", 542.50 , 6.79 , 93.72 ,
9/30/2022,2022,9, 530.00 , 500.00 , 359.50 ," 1,050.00 ", 565.00 , 6.81 , 90.61 ,
9/23/2022,2022,9, 530.00 , 500.00 , 300.00 ," 1,100.00 ", 615.00 , 7.43 , 90.61 ,
9/16/2022,2022,9, 530.00 , 500.00 , 300.00 ," 1,087.50 ", 575.00 , 8.35 , 90.61 ,
9/9/2022,2022,9, 530.00 , 500.00 , 328.00 ," 1,087.50 ", 575.00 , 7.97 , 90.61 ,
9/2/2022,2022,9, 530.00 , 500.00 , 328.00 ," 1,087.50 ", 553.00 , 9.11 , 90.61 ,
8/26/2022,2022,8, 550.00 , 500.00 , 328.00 , 925.00 , 510.00 , 9.37 , 97.64 ,
8/19/2022,2022,8, 550.00 , 500.00 , 323.50 , 925.00 , 510.00 , 9.17 , 97.64 ,
8/12/2022,2022,8, 550.00 , 500.00 , 327.00 , 925.00 , 582.50 , 8.25 , 97.64 ,
8/5/2022,2022,8, 550.00 , 500.00 , 327.00 , 925.00 , 443.50 , 8.09 , 97.64 ,
