Week Ending,Natural Gas - Japan/Korea LNG,Natural Gas - Henry Hub,Natural Gas - UK,Natural Gas - Netherlands,Corn - US,Corn - China,Baltic AN,Middle East Ammonia,Black Sea Urea,China Urea
2026.08.21,22.09,2.78,15.7,18.58,186.51,336.81,,,,
2026.08.14,21.22,2.73,14.9,17.9,180.7,334.49,332.5,562.5,371.5,382.5
2026.08.07,21.12,2.66,13.55,16.06,172.83,332.61,340,575,412,410
2026.07.31,21.45,2.75,14.39,17.15,173.51,336.47,350,600,427.5,420
2026.07.24,22,2.87,15.26,18.59,182.77,335.17,350,650,412.5,412.5
2026.07.17,20.99,2.91,13.9,16.93,175.09,338.14,337.5,695,387,385
2026.07.10,16.52,2.94,11.7,14.08,172.43,339.59,347.5,695,357.5,395
2026.07.03,16.08,3.2,10.5,13.19,167.31,341.86,347.5,695,357.5,407.5
2026.06.26,15.53,3.23,9.82,11.89,162.49,344.01,392.5,770,362,422.5
2026.06.19,15.32,3.23,10.23,12.31,164.36,344.25,,790,,490
2026.06.12,18.86,3.12,11.56,13.67,162.49,347.47,417.5,800,405,412.5
2026.06.05,18.78,3.23,11.8,14.14,164.36,341.33,442.5,800,482.5,660
2026.05.29,18.3,3.29,11.1,13.5,175.88,343.18,467.5,800,555,660
2026.05.22,18.81,2.91,12.5,14.07,182.37,343.32,500,762.5,592.5,865
2026.05.15,17.11,2.96,11.94,14.63,179.42,347.44,500,762.5,660,865
2026.05.08,16.87,2.76,11.01,12.83,179.62,346,500,762.5,779.5,865
2026.05.01,16.87,2.78,11.24,13.25,184.34,351.01,510,762.5,794.5,865
2026.04.24,16.55,2.52,10.95,13.2,179.12,350.57,537.5,700,800,915
2026.04.17,15,2.67,9.91,11.43,176.66,346.89,500,700,795,915
2026.04.10,19.42,2.65,11.5,13.19,173.61,347.89,440,670,710,790
2026.04.03,19.97,2.8,12.5,14.57,178.04,341.17,415,662.5,720,760
2026.03.27,20.4,3.1,13.6,15.83,181.88,342.67,415,625,682.5,760
2026.03.20,21.71,3.1,14.88,17.19,183.26,344.17,415,575,637.5,705
2026.03.13,16.19,3.13,12.55,14.74,178.14,342.32,375,550,587.5,680
2026.03.06,15.71,3.19,13.63,15.18,175.97,344.48,375,580,530.5,560
2026.02.27,10.73,2.86,7.83,9.44,172.73,341.02,330,480,425.5,491
2026.02.20,10.66,3.05,7.71,8.95,168.3,333.97,330,487.5,412,432.5
2026.02.13,10.99,3.24,7.95,9.44,169.97,333.97,330,495,427.5,432.5
2026.02.06,11.11,3.42,9.02,10.7,169.38,327.14,322.5,510,444.5,432.5
2026.01.30,11.53,4.35,10.27,11.78,168.59,327.48,322.5,520,423,432.5
2026.01.23,11.29,5.28,10.35,11.78,169.48,330.02,277.5,520,405,406
2026.01.16,11.16,3.1,10,10.99,167.22,328.37,277.5,520,393,404
2026.01.09,9.57,3.17,7.36,8.5,175.48,327.45,262.5,520,384,404
2026.01.02,9.7,3.62,7.85,8.62,172.24,328.65,262.5,520,372.5,395
2025.12.26,9.72,4.37,7.4,8.31,177.16,319.12,,,,
2025.12.19,9.68,3.98,7.4,8.27,174.7,314.87,262.5,500,366,395
2025.12.12,10.7,4.11,7.08,8.09,169.87,317.93,255,500,350,395
2025.12.05,10.88,5.29,6.78,7.75,171.94,324.84,255,487.5,370,398.5
2025.11.28,11.09,4.85,7.44,8.44,171.45,316.73,255,475,,398.5
2025.11.21,11.47,4.58,7.94,8.91,167.51,307.24,242.5,470,373,400
2025.11.14,11.13,4.57,6.8,9.03,169.38,301.09,242.5,425,382,400
2025.11.07,11.13,4.32,7.65,9.2,168.2,299.91,250,425,386.5,375
2025.10.31,11,4.12,7.38,9.06,169.87,295.35,250,425,380,380
2025.10.24,11.21,3.3,7.87,9.45,166.63,296.58,250,412.5,360,377.5
2025.10.17,11.15,3.01,8.03,9.35,166.33,296.61,232.5,402.5,370,447.5
2025.10.10,11.06,3.11,8.2,9.6,162.59,298.64,237.5,380,380,447.5
2025.10.03,11.04,3.32,7.15,9.17,164.95,301.49,255,380,375,447.5
2025.09.26,11.3,2.84,8.15,9.5,166.13,305.02,265,375,382.5,447.5
2025.09.19,11.37,2.89,8.01,9.41,166.92,305.02,275,362.5,402.5,447.5
2025.09.12,11.36,2.94,7.97,9.5,157.08,316.61,287.5,345,398.5,447.5
2025.09.05,11.3,3.05,7.73,9.25,157.08,322.03,295,327.5,434,495
2025.08.29,11.22,3,7.81,9.1,156.68,313.15,305,327.5,450,495
2025.08.22,11.55,2.7,8.35,9.73,152.85,306.44,310,325,457.5,495
2025.08.15,11.89,2.92,7.87,8.85,151.07,316.49,313.5,325,465.5,495
2025.08.08,11.93,2.99,7.95,9.14,150.68,314.21,297.5,325,470,510
2025.08.01,12,3.08,8,9.58,153.34,319.21,317.5,315,455,505
2025.07.25,11.88,3.11,8.03,9.29,157.28,322.76,320,315,441.5,455
2025.07.18,12,3.57,8.3,9.74,160.82,321.27,320,307.5,456.5,445
2025.07.11,13.12,3.31,8.36,10.26,158.65,318.45,307.5,307.5,445,425
2025.07.04,13.16,3.41,7.81,9.54,169.87,326.15,,290,407,395
2025.06.27,13.2,3.74,7.8,9.64,164.36,328.52,300,290,442,395.5
2025.06.20,14.26,3.85,9.54,11.86,168.79,330.21,230,290,410,402.5
2025.06.13,12.5,3.58,8.13,10.96,174.99,329.98,230,290,367.5,362.5
2025.06.06,12.45,3.78,8.6,10.58,174.2,324.81,217.5,290,368,362.5
2025.05.30,12.16,3.45,8.36,9.86,174.79,324.91,210,302.5,387.5,362.5
2025.05.23,12.49,3.33,8.58,10.67,180.9,324.05,217.5,302.5,371,362.5
2025.05.16,11.9,3.33,8.15,10.22,174.6,320.5,215,302.5,418.5,279
2025.05.09,11.47,3.8,8.28,10.14,173.81,322.35,215,302.5,419,282.5
2025.05.02,11.26,3.63,7.65,9.82,181.58,319.33,215,302.5,439,273.5
2025.04.25,11.27,2.94,7.84,9.45,188.47,314.11,220,302.5,393.5,275.5
2025.04.18,12.09,3.25,8.6,10.32,189.85,308.2,227.5,302.5,382.5,275.5
2025.04.11,12.55,3.53,8.18,9.91,193,311.14,227.5,302.5,387.5,285.5
2025.04.04,12.92,3.84,9,10.76,181.19,312.54,222.5,302.5,368.5,285.5
2025.03.28,13.09,4.07,9.8,11.68,178.44,311.89,227.5,302.5,346,272.5
2025.03.21,13.39,3.98,10.3,12.43,182.77,314.96,240,302.5,357,272.5
2025.03.14,13.64,4.1,10.5,12.27,175.38,298.71,240,315,367.5,268
2025.03.07,13.76,4.4,9.61,11.53,179.22,298.59,237.5,315,400,269.5
2025.02.28,13.85,3.83,10.78,13.13,178.53,296.05,237.5,315,400,276
2025.02.21,14.18,4.23,11.2,13.31,193.4,296.76,237.5,352.5,407.5,242
2025.02.14,14.95,3.73,12.13,15.15,195.36,304.77,242.5,352.5,412.5,245.5
2025.02.07,14.73,3.31,13.83,16.3,191.92,299.67,242.5,352.5,400,242.5
2025.01.31,14.44,3.04,13.4,15.81,189.75,302.01,225,352.5,393,263.5
2025.01.24,14.11,4.03,12.58,14.54,191.53,301.33,225,410,363.5,263.5
2025.01.17,13.78,3.95,12.2,14.1,190.64,299.23,219,410,360,260.5
2025.01.10,14.16,3.99,11.55,13.57,185.23,290.07,219,410,351.5,261.5
2025.01.03,14.36,3.35,12.4,14.46,177.45,285.87,219,410,327.5,261.5
2024.12.27,14.29,3.51,11.85,13.95,178.73,287.61,,,,
2024.12.20,13.67,3.75,10.8,12.74,175.68,283.18,219,410,324,261.5
2024.12.13,14.88,3.28,10.1,11.96,169.28,290.09,220,410,317.5,261.5
2024.12.06,15.08,3.08,11.46,13.48,169.58,287.56,222.5,430,307.5,261.5
2024.11.29,14.93,3.36,11.7,13.81,166.53,299.02,,430,,264
2024.11.22,14.79,3.13,11.91,13.59,167.51,303.67,240,430,310,264
2024.11.15,13.58,2.82,11.73,13.63,166.92,302.49,240,430,320,264
2024.11.08,13.55,2.67,10.67,12.27,169.68,304.98,240,430,325,271.5
2024.11.01,13.48,2.66,9.9,11.17,163.18,308.67,242.5,430,335,273
2024.10.25,13.8,2.56,10.6,12.6,163.48,307.26,245,430,338.5,273
2024.10.18,13.28,2.26,9.53,11.34,159.34,303.72,247.5,430,342.5,285
2024.10.11,13.08,2.63,9.85,11.64,163.67,309.64,237.5,430,350,275
2024.10.04,13.09,2.85,9.76,11.75,167.22,314.16,237.5,430,332.5,275
2024.09.27,13.21,2.9,8.58,11.11,164.56,309.65,247.5,430,325,272.5
2024.09.20,12.97,2.43,8.3,10.2,158.16,307.08,247.5,430,317.5,272.5
2024.09.13,13.67,2.31,8.65,10.44,153.83,323.12,250,347.5,317.5,272.5
2024.09.06,13.79,2.28,8.78,10.64,151.07,320.9,252.5,347.5,312.5,295
2024.08.30,14.09,2.13,9.15,11.36,148.81,327.53,242.5,360,312.5,295
2024.08.23,13.82,2.02,8.65,10.76,144.78,326.63,247.5,352.5,315,298.5
2024.08.16,14.52,2.12,8.5,11.45,145.86,321.48,242.5,355,320,317.5
2024.08.09,12.55,2.14,8.05,11.64,148.32,321.87,242.5,355,317.5,317.5
2024.08.02,12.52,1.97,8.4,10.56,152.16,323.53,232.5,305,317.5,317.5
2024.07.26,12.21,2.01,7.32,9.47,155.31,324.1,230,305,322.5,308.5
2024.07.19,12.12,2.13,7.3,9.2,153.73,328.9,222.5,305,320,342.5
2024.07.12,12.33,2.33,7.2,9.23,157.47,338.46,222.5,305,308.5,330
2024.07.05,12.49,2.32,7.78,9.61,161.9,336.39,225,305,322.5,345
2024.06.28,12.64,2.6,8.2,9.99,156.39,339.88,220,305,322.5,345
2024.06.21,12.47,2.71,8.23,9.9,171.25,336.31,217.5,305,317.5,332.5
2024.06.14,12.14,2.88,8.37,10.41,177.16,338.63,215,277.5,320,332.5
2024.06.07,11.97,2.92,7.85,9.61,176.66,339.15,192.5,277.5,295,342.5
2024.05.31,11.91,2.59,8.34,10.17,175.68,336.1,187.5,277.5,287.5,336.5
2024.05.24,11.94,2.52,8.25,10.02,182.96,340.87,180,277.5,280,336.5
2024.05.17,11.16,2.63,7.39,8.91,178.14,332.5,180,277.5,271.5,336.5
2024.05.10,10.48,2.25,7.2,8.72,179.42,334.48,187.5,277.5,263.5,336.5
2024.05.03,10.47,2.14,7.2,8.79,175.97,329.23,182.5,277.5,262.5,302.5
2024.04.26,10.33,1.61,7.56,8.44,173.22,329.12,182.5,277.5,273,302.5
2024.04.19,10.5,1.75,7.9,9.14,170.66,329.28,182.5,280,262.5,317.5
2024.04.12,9.65,1.77,7.37,8.76,171.45,330.92,182.5,280,262,302.5
2024.04.05,9.55,1.79,6.4,7.62,170.96,336.65,217.5,227,303,302.5
2024.03.29,9.54,1.76,6.75,8.12,174.01,334.38,240,305,322,307.5
2024.03.22,9.45,1.66,7.39,8.24,172.92,333.08,240,305,334.5,332.5
2024.03.15,8.52,1.66,6.55,7.81,171.94,338.64,240,305,338,365
2024.03.08,8.46,1.81,6.65,7.77,167.81,334.69,240,305,353.5,347.5
2024.03.01,8.3,1.84,6.37,7.5,162.29,335.57,215,305,340,355
2024.02.23,8.13,1.6,5.79,6.76,157.37,332.83,215,325,328,355
2024.02.16,8.57,1.61,5.97,7.14,163.97,327.23,215,325,347.5,355
2024.02.09,9.44,1.85,6.78,7.88,168.89,327.23,217.5,325,350.5,375
2024.02.02,9.46,2.08,6.98,8.47,174.3,327.66,217.5,325,345,325.5
2024.01.26,9.29,2.71,6.55,8.1,175.68,322.26,187.5,425,326,327.5
2024.01.19,9.59,2.52,6.88,8.16,175.38,322.36,187.5,425,312,327.5
2024.01.12,11.2,3.31,8.03,9.45,175.97,325.73,180,425,296,360
2024.01.05,11.57,2.89,8.71,10.11,181.39,336.22,180,425,280,360
2023.12.29,11.52,2.51,8.2,8.94,185.52,338.68,,,,
2023.12.22,11.95,2.61,7.9,9.53,186.21,337.08,180,425,282.5,360
2023.12.15,15.2,2.49,8.25,9.26,190.15,344.12,180,425,285,360
2023.12.08,15.98,2.58,9.48,11.22,183.36,347.27,172.5,490,292.5,360
2023.12.01,16.25,2.81,10.55,12.84,182.86,349.65,172.5,550,290,357.5
2023.11.24,17.1,2.86,11.95,13.75,182.37,355.01,,550,,357.5
2023.11.17,16.98,2.96,10.48,13.31,183.85,353.04,177.5,550,327.5,371
2023.11.10,17.19,3.03,10.68,12.78,182.67,352.16,194.5,550,350,371
2023.11.03,17.57,3.52,10.1,12,187.88,349.87,194.5,550,342.5,371
2023.10.27,17.9,3.16,11.98,13.95,189.26,344.39,202.5,550,357.5,380
2023.10.20,18.4,2.9,10.5,13.73,195.07,344.21,207.5,550,356.5,365
2023.10.13,14.48,3.24,13.25,16.08,194.18,353.7,230,550,375,387.5
2023.10.06,14.08,3.34,7.7,8.93,193.69,358.45,230,550,373.5,387.5
2023.09.29,14.63,2.93,9.83,10.9,187.69,358.45,215,550,365.5,387.5
2023.09.22,14.6,2.64,10.28,11.89,187.88,362.81,235,445,378.5,387.5
2023.09.15,13.33,2.64,9.4,10.74,187.49,368.24,240,445,390,402.5
2023.09.08,13.33,2.61,7.9,9.94,184.44,387.52,280,400,415.5,352.5
2023.09.01,13.4,2.77,8.05,10.33,182.96,391.1,280,400,325,352.5
2023.08.25,13.46,2.54,8.66,11.28,185.32,384.6,245,400,353.5,377.5
2023.08.18,13.95,2.55,8,9.94,188.77,377.68,245,320,371.5,377.5
2023.08.11,11.09,2.77,8.55,10.04,186.8,385.98,240,320,370,390
2023.08.04,10.96,2.58,7.15,8.1,190.64,384.07,190,295,400.5,400
2023.07.28,10.78,2.64,6.25,7.44,205.11,378.59,190,295,371,337.5
2023.07.21,10.89,2.71,7.21,8.06,207.47,376.04,190,325,337.5,335
2023.07.14,11.87,2.54,6.3,7.55,236.11,391.38,152.5,205,319.5,312.5
2023.07.07,12.09,2.58,8.1,9.58,220.66,389.15,127.5,205,287.5,305
2023.06.30,12.24,2.8,9.25,10.8,218.3,386.83,127.5,205,268.5,307.5
2023.06.23,11.84,2.73,7.9,9.49,248.31,382.06,130,205,265.5,287.5
2023.06.16,11.2,2.63,9,9.97,252.05,377.73,127.5,205,255,302.5
2023.06.09,9.25,2.25,7.8,9.22,237.88,372.41,127.5,205,254,300
2023.06.02,9.29,2.17,5.9,6.93,239.75,373.85,150,210,266,277.5
2023.05.26,9.24,2.18,5.8,7.21,237.78,368.06,147.5,222.5,268.5,325
2023.05.19,9.84,2.59,7.1,8.62,218.3,362.58,175,247.5,290,327.5
2023.05.12,11.12,2.27,7.4,9.58,249.3,365.75,172.5,247.5,303.5,326.5
2023.05.05,11.32,2.14,8.2,10.35,257.17,372.83,172.5,247.5,310.5,326.5
2023.04.28,11.55,2.41,9.18,11.28,250.38,378.48,182.5,247.5,326,352.5
2023.04.21,11.88,2.23,9.95,11.78,261.11,387.43,192.5,265,303.5,375
2023.04.14,12.59,2.11,10,12.38,262.29,399.48,202.5,265,298.5,375
2023.04.07,12.63,2.01,10.84,12.62,253.33,397.77,212.5,305,290.5,375
2023.03.31,13.52,2.22,11.6,14.74,260.03,399.91,211.5,375,267.5,375
2023.03.24,12.7,2.22,9.48,12.43,253.14,401.61,233.5,375,289.5,375
2023.03.17,13.18,2.34,10.2,12.41,249.69,411.23,,375,,317.5
2023.03.10,14.16,2.43,12.2,14.66,245.75,404.61,280,422.5,286.5,317.5
2023.03.03,14.33,3.01,12.13,13.63,254.02,407.24,265,595,305,390
2023.02.24,14.99,2.45,13.3,15.34,255.89,408.06,270,615,316,390
2023.02.17,15.92,2.28,12,14.41,266.82,411.14,270,685,310,390
2023.02.10,17.99,2.51,13.55,16.22,267.9,406.29,229,685,327.5,392.5
2023.02.03,18.53,2.41,15.3,17.29,266.72,417.96,290,690,331,475
2023.01.27,19.5,3.11,13.8,16.96,268.88,421.67,290,700,390,475
2023.01.20,22.82,3.17,17.25,19.15,266.23,421.67,290,865,405,475
2023.01.13,26.81,3.42,15.8,19.58,265.73,426.95,375,865,420,475
2023.01.06,28.45,3.71,16,19.86,257.47,417.45,375,855,444.5,475
2022.12.30,29.52,4.48,16.2,21.54,267.11,405.73,,,,
2022.12.23,28.12,5.08,14,23.67,262.29,400.57,375,865,462.5,475
2022.12.16,35.58,6.6,29,34.76,257.07,408.23,,865,,475
2022.12.09,33.37,6.25,34,42.21,249.89,409.72,357,865,470,507.5
2022.12.02,31.76,6.28,34,39.72,249.99,409.16,,1022.5,,555
2022.11.25,29.96,7.02,15.9,36.78,262.98,406.98,,1022.5,,555
2022.11.18,26.39,6.3,11.6,31.65,262.88,395.1,409.5,1022.5,516.5,555
2022.11.11,27.23,5.88,9.6,19.34,259.04,400.15,392,1022.5,535,560
2022.11.04,28.93,6.4,10.9,17.15,268.1,394.43,392,1050,535,627.5
2022.10.28,30.16,5.68,6.6,8.88,268,390.9,387,1050,550,627.5
2022.10.21,32.47,4.96,7,18.29,269.38,393.19,387,1050,575,627.5
2022.10.14,34.78,6.45,9.3,16.85,271.54,392.21,387,1050,587.5,622.5
2022.10.07,34.46,6.75,14,36.49,268.98,386.88,387,1050,602.5,622.5
2022.09.30,38.73,6.77,19.6,52.61,266.72,386.88,359.5,1050,627.5,622.5
2022.09.23,37.57,6.83,24.5,49.14,266.42,393.22,359.5,1100,630.5,650
2022.09.16,42.16,7.76,18,44.55,266.62,402.6,300,1087.5,740,650
2022.09.09,53.9,8,35.5,56.17,274.99,395.44,300,1087.5,740,580
2022.09.02,55.25,8.79,26.5,54.6,263.37,394.93,328,1087.5,700,565
2022.08.26,68.8,9.3,49.5,99.07,263.27,398.88,328,925,563.5,475
2022.08.19,57.02,9.34,37.8,69.17,246.44,388.69,328,925,563.5,475
2022.08.12,45.39,8.77,36.5,60.61,251.86,405.32,323.5,925,585,475
2022.08.05,44.66,8.06,30,57.29,240.24,395.89,327,925,557.5,475
2022.07.29,42.23,8.23,26.2,56.13,242.61,395.29,327,925,513.5,475
2022.07.22,38.99,8.3,26.6,46.9,222.13,381.69,327,925,527.5,493.5
2022.07.15,39.08,7.02,17.5,46.31,237.88,398.98,307.5,925,515,687.5
2022.07.08,39.39,6.03,16.5,52.25,306.38,400.17,307.5,925,565,687.5
2022.07.01,38.68,5.73,16.05,42.5,297.03,403.79,290,935,525,687.5
2022.06.24,37.1,6.22,15.5,37.27,295.36,410.02,380,935,510,687.5
2022.06.17,33.96,6.94,13,32.97,308.84,423.72,380,935,515,687.5
2022.06.10,23.17,8.85,8,23.3,304.41,418.54,415,950,500,687.5
2022.06.03,24.02,8.52,9.5,22.77,286.21,425.96,415,950,535,687.5
2022.05.27,22.63,8.73,8.8,24.81,305.99,432.43,395,950,575.5,687.5
2022.05.20,21.83,8.08,10.65,26.09,306.58,440.46,470,975,590.5,687.5
2022.05.13,23.43,7.66,4.1,26.36,312.78,425.52,547,1237.5,605,690
2022.05.06,24.03,8.04,7,28.14,311.89,437.7,647,1237.5,645,690
2022.04.29,24.53,7.24,12.25,27.96,322.13,440.64,,1237.5,717.5,
2022.04.22,25.5,6.53,13.5,28.33,312.19,444.67,,1237.5,737.5,
2022.04.15,32.93,7.3,17.7,28.43,311.11,450.29,,1237.5,815,
2022.04.08,33.61,6.28,24,30.17,302.64,447.45,,1237.5,875,
2022.04.01,34.69,5.72,29.6,33.56,289.35,447.59,,1237.5,910,
2022.03.25,34.43,5.57,23.3,30.42,296.83,454.75,796.5,1237.5,892.5,
2022.03.18,35.5,4.86,23.9,30.77,292.01,452.12,796.5,1230,892.5,
2022.03.11,37.15,4.73,31.8,38.43,300.97,434.91,796.5,1100,830,
2022.03.04,38.65,5.02,47,55.4,297.82,437.53,796.5,825,590,577.5
2022.02.25,27.51,4.47,21.2,28.09,259.63,431.67,796.5,825,553,577.5
2022.02.18,23.81,4.43,17.6,21.31,257.57,424.31,796.5,825,519,577.5
2022.02.11,24.57,3.94,18,22.27,256.29,426.15,796.5,900,545,725
2022.02.04,25.35,4.57,19.25,23.92,244.28,429,796.5,900,625,725
2022.01.28,26.81,4.64,21.85,27.11,250.38,429,796.5,900,701,725
2022.01.21,22.09,4,19,23.41,242.61,427.21,781,900,694.5,862.5
2022.01.14,32.85,4.26,20.2,25.47,234.73,413.2,791,900,646,862.5
2022.01.07,33.95,3.92,20,24.53,238.87,412.37,783.5,900,779.5,862.5
2021.12.31,30.5,3.73,16.95,24.44,233.55,409.84,,,,
2021.12.24,38.84,3.73,22.98,29.9,238.47,413.02,,,,
2021.12.17,42.45,3.69,34.41,39.83,233.55,419.9,743.5,900,840,965
2021.12.10,35.22,3.93,26.6,30.72,231.68,415.23,743.5,900,826.5,965
2021.12.03,34.19,4.13,23.36,26.79,230.7,418.89,744.5,900,826.5,965
2021.11.26,34.89,5.45,21.9,25.88,230.99,415.75,707.5,900,826.5,965
2021.11.19,34.26,5.07,21.48,25.24,224.69,421.79,707.5,900,826.5,965
2021.11.12,31.57,4.79,18.15,22.14,227.25,413.19,668.5,800,826.5,877.5
2021.11.05,31.62,5.52,18,21.11,217.71,414.45,640,710,767.5,877.5
2021.10.29,30,5.43,14.4,18.47,223.71,403.87,593.5,775,767.5,622.5
2021.10.22,33.26,5.28,20.2,25.83,211.8,396.87,558,625,759,622.5
2021.10.15,33.25,5.41,20.2,27.82,206.98,392.34,535,625,734,622.5
2021.10.08,32.06,5.57,20,23.45,208.85,386.42,435,625,700,622.5
2021.10.01,31.07,5.62,19.9,24.91,213.18,387.44,397,625,600,422.5
2021.09.24,27.5,5.14,16.3,19.92,207.37,384.15,324.5,625,524.5,422.5
2021.09.17,25,5.11,16.5,18.74,207.57,379.05,302,625,455,422.5
2021.09.10,18.65,4.94,14,17.03,197.92,396.78,302,625,446.5,422.5
2021.09.03,18.46,4.71,12.94,15.04,199.99,398.7,300,625,427,402.5
2021.08.27,17.7,4.37,11.73,13.98,219.67,398.64,300,625,420,437.5
2021.08.20,15.58,3.85,10.41,12.1,212.1,392.37,302.5,625,432,437.5
2021.08.13,15.66,3.86,10.79,12.98,223.71,403.56,317.5,625,433.5,453.5
2021.08.06,15.7,4.14,10.48,12.55,218.49,403.05,317.5,625,453,462.5
2021.07.30,14.76,3.91,10.4,11.89,215.34,397.59,317.5,625,453,472.5
2021.07.23,14.18,4.06,8.95,10.46,215.44,389.27,310,625,453,472.5
2021.07.16,13.96,3.67,8.63,10.33,218.89,399.59,305,625,453,472.5
2021.07.09,13,3.67,9.1,10.79,247.92,429.85,305,610,453,472.5
2021.07.02,13.12,3.7,8.85,10.54,274.49,402.13,305,610,457.5,470
2021.06.25,12.76,3.5,8.25,9.48,250.58,404.88,285.5,610,442.5,450
2021.06.18,11.87,3.22,7.33,8.67,257.96,416.08,276,610,440.5,447.5
2021.06.11,10.92,3.3,6.78,8.16,269.47,428.83,232.5,610,432.5,442.5
2021.06.04,10.61,3.1,6.27,7.58,268.79,428.44,232.5,550,394.5,387.5
2021.05.28,10.4,2.99,6.1,7.43,258.55,430.56,222.5,550,384,377.5
2021.05.21,9.98,2.91,6.65,7.27,259.63,434.09,222.5,430,367.5,367.5
2021.05.14,9.13,2.96,6.89,7.97,269.67,428.3,225,430,355.5,362.5
2021.05.07,9.05,2.96,6.2,7.08,304.22,435.4,232.5,430,349,337.5
2021.04.30,8.9,2.93,6.4,6.9,291.32,432.28,227.5,430,332,337.5
2021.04.23,8.2,2.73,5.33,5.91,258.06,426.87,233,430,328,337.5
2021.04.16,8.25,2.68,5.68,6.13,230.5,420.35,257,430,334.5,322.5
2021.04.09,6.99,2.53,5.08,5.69,227.25,411.44,268.5,430,355,327.5
2021.04.02,6.93,2.64,5.03,5.67,220.36,397.44,256,430,352,342.5
2021.03.26,6.93,2.56,4.7,5.42,217.51,414.91,263.5,430,369.5,344.5
2021.03.19,6.43,2.54,4.25,5.22,219.58,414.66,255.5,400,374.5,342.5
2021.03.12,6.07,2.6,4.76,5.44,216.23,434.36,255.5,400,365,337.5
2021.03.05,6,2.7,4.48,4.88,221.25,437.59,254.5,340,363.5,355
2021.02.26,6.2,2.77,4.13,4.67,218.69,440.42,249.5,280,354.5,349
2021.02.19,6.4,3.07,4.22,4.87,213.67,437.15,238.5,280,353,362.5
2021.02.12,8.26,2.91,4.65,5.17,212.1,436.03,216.5,280,359,362.5
2021.02.05,8.39,2.86,5.04,5.39,215.93,433.2,216.5,280,363,342.5
2021.01.29,8.87,2.56,5.5,6.05,215.34,421.57,177.5,280,338,327.5
2021.01.22,8.86,2.45,6.1,6.3,197.04,435.05,177.5,280,322.5,305
2021.01.15,18.31,2.74,5.8,5.97,209.24,421.85,177.5,280,298.5,295
2021.01.08,17.25,2.7,6.17,5.98,195.36,425.66,166,280,266.5,287.5
2021.01.01,14.3,2.54,5.7,5.64,190.54,411.05,166,245,256.5,287.5
2020.12.25,11,2.52,5.05,5.2,177.55,396.22,,,,
2020.12.18,9.66,2.7,4.13,4.59,172.24,388.38,166,267.5,257.5,284
2020.12.11,8.08,2.59,4.33,4.67,167.02,387.24,168,267.5,257.5,287.5
2020.12.04,7.5,2.58,4.26,4.28,164.16,393.47,168,267.5,259.5,277.5
2020.11.27,7.15,2.84,4.11,4.25,167.51,392.06,163,267.5,241,277.5
2020.11.20,6.38,2.65,3.43,3.73,166.63,396.31,163,267.5,241,262.5
2020.11.13,6.9,3,3.76,4.07,161.61,382.35,163,260,234.5,262.5
2020.11.06,6.91,2.89,3.68,3.92,160.13,381.16,165,260,234.5,262.5
2020.10.30,7.02,3.35,3.44,3.89,156.88,383.28,165,260,237,262.5
2020.10.23,7.25,2.97,4.15,4.5,165.05,379.11,166.5,260,242.5,262.5
2020.10.16,6.32,2.77,4.04,4.28,158.26,377.3,166.5,260,245,262.5
2020.10.09,5.14,2.74,3.88,4.01,155.5,372.09,166.5,260,245,267.5
2020.10.02,5.03,2.44,3.45,3.58,149.5,355.91,167,260,241.5,262.5
2020.09.25,4.98,2.14,3.21,3.37,143.79,350.24,168.5,260,242,262.5
2020.09.18,4.85,2.05,2.96,3.18,149.01,357.21,168,260,245,267.5
2020.09.11,4.31,2.27,2.78,3.06,143.69,338.14,169,260,246.5,267.5
2020.09.04,4.23,2.59,3,3.4,136.71,327.21,182.5,260,257,267.5
2020.08.28,4.23,2.66,2.7,2.9,136.21,323.06,182.5,260,255,269
2020.08.21,3.71,2.45,1.88,1.93,128.73,325.46,168,260,261.5,262.5
2020.08.14,2.9,2.36,1.99,2.02,127.75,323,166.5,225,268.5,277.5
2020.08.07,2.79,2.24,1.95,2.12,121.16,323.48,166.5,225,260.5,246.5
2020.07.31,2.56,1.8,1.33,1.51,124.4,334.61,165,225,247,239.5
2020.07.24,2.6,1.81,1.26,1.43,128.44,320.49,161.5,225,238.5,232.5
2020.07.17,2.51,1.72,1.29,1.44,131.1,308.48,162,225,225,231
2020.07.10,2.18,1.81,1.29,1.38,134.05,301.17,161,225,223,229
2020.07.03,2.2,1.73,1.36,1.42,134.84,298.31,158.5,225,225,232.5
2020.06.26,2.2,1.5,1.36,1.45,124.8,294.71,136.5,225,229.5,232.5
2020.06.19,2.22,1.67,1.42,1.57,130.9,297.41,136.5,220,229,232.5
2020.06.12,2.07,1.73,1.37,1.48,129.91,291.66,141,220,215,232.5
2020.06.05,2.07,1.78,1.31,1.45,130.41,287.85,134.5,220,209.5,232.5
2020.05.29,2.07,1.85,0.9,1,128.24,286.7,144,155,211,232.5
2020.05.22,2.01,1.73,0.73,1.1,125.19,279.97,150,155,211,231
2020.05.15,2.11,1.65,1.19,1.41,125.68,281.61,167,155,203.5,232.5
2020.05.08,2.03,1.82,1.43,1.57,125.58,283.71,169,155,207,243
2020.05.01,2,1.89,1.31,1.52,122.63,288.11,176.5,155,216,243
2020.04.24,2.03,1.75,1.13,1.63,124.3,287.93,176.5,155,216,243
2020.04.17,2.35,1.75,1.33,1.86,126.86,285.28,177.5,195,220,244.5
2020.04.10,2.81,1.73,1.49,2,130.6,281.98,180,205,247.5,244.5
2020.04.03,2.85,1.62,1.59,2.02,130.21,278.92,177.5,205,240.5,267.5
2020.03.27,2.98,1.63,1.91,2.15,136.21,277.62,177.5,252.5,228.5,267.5
2020.03.20,3.43,1.6,2.32,2.42,135.33,273.1,185,252.5,243.5,267.5
2020.03.13,3.14,1.87,2.54,2.74,145.96,271.09,192,252.5,246.5,267.5
2020.03.06,3.12,1.71,2.32,2.6,148.52,274.06,192,252.5,247.5,265
2020.02.28,2.96,1.68,2.5,2.69,144.28,270.31,193.5,252.5,244.5,251
2020.02.21,3,1.91,2.33,2.77,148.42,266.68,193.5,252.5,231.5,245
2020.02.14,3.52,1.84,2.14,2.64,148.71,268.64,193.5,252.5,231.5,242.5
2020.02.07,3.57,1.86,2.27,2.75,150.98,272.19,183.5,252.5,224,242.5
2020.01.31,4.02,1.84,2.48,2.87,150.09,271.04,183,252.5,225.5,247.5
2020.01.24,4,1.89,2.75,3.06,152.45,271.04,183,252.5,224.5,247.5
2020.01.17,4.13,2,2.83,3.18,153.24,275.65,183,252.5,228,237.5
2020.01.10,5.3,2.2,2.94,3.41,151.86,261.66,180,252.5,224.5,240.5
2020.01.03,5.39,2.13,2.97,3.73,152.16,262.12,180,252.5,218,257
2019.12.27,5.23,2.16,2.81,3.71,153.54,262.64,,,,
2019.12.20,5.45,2.33,3.17,3.74,152.65,260.79,180,252.5,218,257
2019.12.13,5.65,2.3,3.07,3.8,144.19,262.09,180,252.5,215.5,232.5
2019.12.06,5.62,2.33,3.3,4.07,144.28,260.4,180,252.5,210,232.5
2019.11.29,5.63,2.28,4.14,4.57,146.15,258.79,173,252.5,213,232.5
2019.11.22,5.93,2.67,4.08,4.67,145.17,262.67,173,252.5,213,232.5
2019.11.15,6.08,2.69,3.88,4.46,146.15,262.68,173,252.5,225.5,250
2019.11.08,6.14,2.79,3.98,4.2,148.52,260.43,172.5,255,227,252.5
2019.11.01,6.33,2.71,2.73,3.39,153.24,261.03,172.5,255,232.5,252.5
2019.10.25,6.44,2.3,3,3.28,152.26,253.62,170,255,239,253
2019.10.18,6.93,2.32,2.65,3,153.93,256.15,170,250,237.5,253.5
2019.10.11,5.82,2.21,2.29,2.69,156.59,254.51,170,250,244.5,262.5
2019.10.04,5.73,2.35,3.2,3.37,151.47,250.69,170,250,249.5,262.5
2019.09.27,5.75,2.4,2.7,2.81,146.25,254.82,170,250,252,262.5
2019.09.20,6,2.53,2.4,2.83,145.96,258.75,176.5,250,254,262.5
2019.09.13,4.59,2.61,2.71,3.09,139.95,256.1,184.5,240,249.5,262.5
2019.09.06,4.48,2.5,2.46,2.81,134.84,257.32,191.5,240,251,261.5
2019.08.30,4.67,2.29,2.8,2.64,140.94,253.61,202.5,215,249.5,266.5
2019.08.23,4.57,2.15,2.87,2.89,141.63,261.27,203.5,205,248,266.5
2019.08.16,4.73,2.2,2.77,2.78,146.06,265.66,206,205,249,266.5
2019.08.09,4.32,2.12,2.6,3.03,161.51,266.06,211,205,252,267.5
2019.08.02,4.28,2.12,3.25,3.32,157.28,277.95,211,205,259.5,279.5
2019.07.26,4.38,2.17,2.74,2.95,163.18,279.39,215.5,205,262,279.5
2019.07.19,4.72,2.25,2.95,3.13,169.58,280.46,215.5,205,,282.5
2019.07.12,4.55,2.45,3.45,3.8,176.96,275.55,212.5,205,269,282.5
2019.07.05,4.51,2.42,2.71,3.28,170.86,274.89,218.5,205,276.5,287.5
2019.06.28,4.75,2.31,2.43,2.76,165.44,276.69,218.5,205,276.5,287.5
2019.06.21,4.6,2.19,2.75,3.02,174.1,276.86,212.5,205.5,276,287.5
2019.06.14,4.51,2.39,2.98,3.22,178.34,276.23,213.5,202.5,266.5,287.5
2019.06.07,4.48,2.34,2.75,3.09,163.67,277.28,208,202.5,266,292.5
2019.05.31,4.65,2.45,2.73,2.87,168.1,280.81,195,202.5,258,282.5
2019.05.24,4.73,2.6,2.95,3.6,159.15,284.05,195,202.5,258,262.5
2019.05.17,4.93,2.63,3,3.83,150.88,270.57,195,202.5,258,262.5
2019.05.10,5.54,2.62,3.35,4.21,134.84,274.03,169.5,202.5,249,262.5
2019.05.03,5.62,2.57,3.48,4.24,142.91,276.03,169.5,217.5,249,307.5
2019.04.26,5.46,2.57,3.2,4.29,138.28,276.98,169.5,250,249,307.5
2019.04.19,5.42,2.49,3.45,4.26,141.13,277.43,169.5,250,240,312.5
2019.04.12,4.78,2.66,3.94,4.68,142.12,274.75,180,250,235,276.5
2019.04.05,4.65,2.66,4.09,4.81,142.71,274.22,177.5,250,235,276.5
2019.03.29,4.6,2.66,3.55,4.32,140.35,270.11,175,232.5,235,276.5
2019.03.22,4.62,2.75,3.66,4.18,148.91,270.17,172,232.5,233,276.5
2019.03.15,5.95,2.8,3.82,4.37,146.94,274.82,172,230,228,276.5
2019.03.08,5.99,2.87,4.27,4.91,139.66,261.84,174.5,262.5,237.5,276.5
2019.03.01,6.12,2.86,4.39,5.06,143.3,262.14,174.5,262.5,240,275
2019.02.22,6.23,2.72,4.5,4.97,147.73,264.81,174.5,277.5,245,275
2019.02.15,7.28,2.63,4.7,5.25,147.53,267.38,182.5,285,247.5,292.5
2019.02.08,7.31,2.58,4.9,5.31,147.33,271.46,182.5,285,255,292.5
2019.02.01,7.2,2.73,5.19,5.57,148.91,271.46,182.5,287.5,273.5,292.5
2019.01.25,7.8,3.18,5.53,6.1,149.7,272.79,182.5,277.5,273.5,287.5
2019.01.18,8.35,3.48,6.19,6.51,150.29,268.78,181.5,287.5,282.5,292.5
2019.01.11,8.79,3.1,5.8,6.34,148.91,270.6,180,305,285,282.5
2019.01.04,8.89,3.04,6.14,6.53,150.78,267.85,180,305,272.5,287.5
2018.12.28,9.03,3.3,6.2,6.48,147.83,267.8,,,,
2018.12.21,9.1,3.82,6.69,7.21,149.01,269.46,180,305,272.5,297.5
2018.12.14,9.5,3.83,6.63,7.2,148.32,272.16,180,300,295,295
2018.12.07,9.52,4.49,6.06,6.57,147.24,273.19,186,330,295,302.5
2018.11.30,9.81,4.61,6.32,7.01,144.28,275.04,191,332.5,304.5,322.5
2018.11.23,10.35,4.31,6.58,7.28,141.33,272.15,191,332.5,304.5,322.5
2018.11.16,10.77,4.27,6.7,7.5,143.59,271.98,191,335,312.5,322.5
2018.11.09,10.49,3.72,6.1,7.02,145.56,270.24,191,340,312.5,327.5
2018.11.02,10.57,3.28,6.15,6.9,146.15,266.73,192.5,340,312.5,317.5
2018.10.26,10.6,3.19,6.3,7.03,144.78,265.14,195,340,312.5,337.5
2018.10.19,10.92,3.25,6.85,7.72,144.48,263.65,195,340,317.5,337.5
2018.10.12,11.12,3.16,6.73,7.46,147.14,262.92,202.5,345,327.5,336
2018.10.05,11.27,3.14,7.22,7.96,144.97,265.83,202.5,340,300,340
2018.09.28,11.37,3.01,7.16,7.91,140.25,265.83,202.5,357.5,300,317.5
2018.09.21,11.6,2.98,7.64,8.4,140.64,271.18,205,362.5,300,317.5
2018.09.14,11.46,2.77,7.1,7.98,132.67,268.6,212.5,362.5,290,317.5
2018.09.07,11.52,2.78,7.45,8.27,139.46,269.57,215,362.5,285,299
2018.08.31,11.62,2.92,6.97,7.59,138.18,266.28,215,362.5,285,297.5
2018.08.24,11.59,2.92,6.7,7.38,137.2,265.37,215,282.5,280,297.5
2018.08.17,11.28,2.95,6.36,7.04,143.4,262.59,215,282.5,275,295
2018.08.10,9.83,2.94,5.87,6.64,140.84,263.34,202.5,282.5,257.5,295
2018.08.03,9.81,2.85,5.9,6.53,145.56,259.89,200,282.5,252.5,295
2018.07.27,9.67,2.82,5.78,6.5,142.51,259.18,200,282.5,245,305
2018.07.20,9.58,2.76,5.79,6.43,139.85,263.32,200,275,247.5,305
2018.07.13,10.46,2.75,5.74,6.61,130.01,262.9,199,275,266.5,312.5
2018.07.06,10.53,2.86,5.75,6.48,138.48,267.8,199,275,270,315
2018.06.29,10.61,2.92,5.48,6.39,137.89,264.8,192.5,275,257.5,315
2018.06.22,10.66,2.95,5.3,6.43,140.64,270.71,176,275,242.5,315
2018.06.15,9.62,3.02,5.48,6.48,142.22,275.58,162.5,275,242.5,315
2018.06.08,9.51,2.89,5.64,6.36,148.71,277.09,157.5,275,222.5,315
2018.06.01,9.37,2.96,5.71,6.38,154.13,275.84,157.5,275,222.5,315
2018.05.25,9.29,2.94,5.69,6.39,159.83,277.58,157.5,275,220,315
2018.05.18,9.11,2.85,5.61,6.45,158.46,275.67,157.5,275,212.5,315
2018.05.11,7.97,2.81,5.48,6.22,153.44,270.13,157.5,275,207.5,305
2018.05.04,7.94,2.71,5.18,5.86,156.98,268.75,162,275,227.5,300
2018.04.27,7.96,2.77,5.3,5.92,153.34,272.03,155,275,230,265
2018.04.20,7.73,2.74,5.04,5.84,148.22,282.22,170,275,230,307.5
2018.04.13,7.18,2.74,5.35,5.86,152.06,277.7,170,275,230,307.5
2018.04.06,7.2,2.7,4.84,5.46,152.94,282.82,172.5,290,235,307.5
2018.03.30,7.21,2.73,5.09,5.49,152.65,283.72,175,290,237.5,307.5
2018.03.23,7.16,2.59,5.18,5.75,148.52,285.16,182.5,290,237.5,307.5
2018.03.16,7.48,2.69,6,6.12,150.68,286.92,182.5,290,247.5,307.5
2018.03.09,8.46,2.73,5.37,5.85,150.78,309.37,180,290,247.5,307.5
2018.03.02,8.37,2.7,9,8.79,148.52,291.87,180,290,247.5,307.5
2018.02.23,8.3,2.63,7.3,7.86,144.19,284.55,180,290,249,307.5
2018.02.16,8,2.56,4.99,5.35,144.68,283.6,180,275,242.5,307.5
2018.02.09,10.48,2.58,5.03,5.29,142.51,286.44,182.5,340,242.5,307.5
2018.02.02,10.35,2.85,5.16,5.31,142.32,285.66,190,340,242.5,307.5
2018.01.26,10.04,3.51,4.73,5.16,140.35,284.78,190,325,237.5,310
2018.01.19,10.55,3.19,4.97,5.36,138.77,283.3,190,335,237.5,310
2018.01.12,11.23,3.2,5.32,5.74,136.31,283.18,197.5,335,232.5,290
2018.01.05,11.17,2.8,5.32,5.55,138.28,283.03,197.5,345,232.5,267.5
2017.12.29,11.17,2.95,5.55,5.72,138.08,267.11,,,,
2017.12.22,11.05,2.67,5.67,5.78,138.58,267.46,197.5,345,232.5,267.5
2017.12.15,9.97,2.61,6.04,6.34,136.8,260.02,197.5,325,232.5,272.5
2017.12.08,9.89,2.77,5.77,6.16,133.85,258,217.5,325,225,272.5
2017.12.01,9.82,3.06,5.73,6.12,135.72,259.07,227.5,325,235,277.5
2017.11.24,9.77,2.81,5.66,6.01,134.74,258.41,230,315,280,277.5
2017.11.17,9.68,3.1,5.2,5.61,135.03,254.02,230,295,280,275
2017.11.10,9.18,3.21,5.3,5.8,135.23,248.28,230,295,277.5,281.5
2017.11.03,9.13,2.98,4.88,5.33,137.1,248.91,230,295,280,281.5
2017.10.27,9,2.75,4.57,5.03,137.3,245.35,227.5,270,275,272.5
2017.10.20,8.86,2.92,4.55,4.81,135.62,247.35,227.5,270,275,272.5
2017.10.13,8.27,3,4.33,4.84,138.87,248.75,238.5,270,272.5,266.5
2017.10.06,8.25,2.86,4.73,5.22,137.79,248.84,237.5,270,265,266.5
2017.09.29,8.17,3.01,4.59,4.83,139.85,248.84,237.5,242.5,265,269.5
2017.09.22,7.78,2.96,4.63,5.05,139.17,254.26,220.5,240,239,272.5
2017.09.15,6.32,3.02,4.68,5.19,139.66,252.86,189,237.5,239,251
2017.09.08,6.24,2.89,4.61,5,135.52,254.15,188.5,237.5,222.5,242.5
2017.09.01,6.13,3.07,4.57,4.81,133.85,250,176.5,237.5,207.5,222.5
2017.08.25,6.11,2.89,4.41,4.87,133.36,256.16,175,237.5,210,222.5
2017.08.18,6.25,2.89,4.28,4.79,138.58,254.09,171,230,210,222.5
2017.08.11,5.85,2.98,4.32,4.75,142.02,252.24,168.5,220,197.5,220
2017.08.04,5.81,2.77,3.92,4.44,144.28,247.04,163.5,220,195,220.5
2017.07.28,5.74,2.94,3.85,4.44,147.33,246.56,162.5,212.5,195,225
2017.07.21,5.6,2.97,3.72,4.42,149.5,248.9,159.5,200,190,227.5
2017.07.14,5.45,2.98,3.33,4.4,143.79,241.33,162.5,170,188,227.5
2017.07.07,5.45,2.86,3.64,4.44,150.48,238.31,160,170,189.5,227.5
2017.06.30,5.48,3.04,3.62,4.51,145.86,241.53,160,170,189.5,227.5
2017.06.23,5.5,2.93,3.59,4.37,140.84,236.7,154.5,170,187.5,227.5
2017.06.16,5.45,3.04,2.9,4.4,151.17,238.98,154.5,222.5,187.5,227.5
2017.06.09,5.48,3.04,3.75,4.43,152.65,245.59,157.5,224.5,190,227.5
2017.06.02,5.45,3,3.72,4.35,146.74,241.7,160,395,190,220
2017.05.26,5.5,3.24,3.67,4.4,147.33,237.23,162.5,395,185,217.5
2017.05.19,7.86,3.26,3.79,4.51,146.65,238.17,172.5,395,180,212.5
2017.05.12,7.86,3.42,3.93,4.55,142.41,240.99,172.5,395,180,212.5
2017.05.05,7.86,3.27,4.08,4.71,142.41,237.87,175,390,187.5,212.5
2017.04.28,7.86,3.28,4.08,4.78,140.94,234.72,180,407.5,192.5,212.5
2017.04.21,7.86,3.1,4,4.85,140.54,234.75,180,407.5,205,217.5
2017.04.14,7.86,3.23,3.86,4.6,146.06,232.73,188,407.5,210,222
2017.04.07,7.86,3.26,4,4.67,141.53,235.74,188,407.5,215,230
2017.03.31,7.86,3.19,3.91,4.56,143.4,234.53,192.5,407.5,220,234.5
2017.03.24,7.86,3.08,3.9,4.39,140.25,235.52,202.5,345,230,234.5
2017.03.17,7.86,2.95,4.06,4.63,144.68,228.46,205,345,238.5,227.5
2017.03.10,7.86,3.01,4.22,4.69,140.94,231.78,207.5,345,250,236.5
2017.03.03,7.86,2.83,4.32,4.89,147.53,220.47,207.5,345,,242.5
2017.02.24,7.86,2.63,4.6,5.16,143.3,218.17,206,345,,235
2017.02.17,7.86,2.83,4.76,5.36,144.97,218.71,206,345,,247.5
2017.02.10,7.86,3.03,5.22,5.86,147.43,220.73,203.5,301,,252.5
2017.02.03,7.86,3.06,6.09,6.81,143.79,219.43,203.5,301,,247.5
2017.01.27,7.86,3.39,5.14,5.77,142.71,217.47,202.5,301,,250
2017.01.20,7.86,3.2,5.64,6.13,145.56,218,199,245,,262.5
2017.01.13,7.86,3.42,5.44,5.91,141.13,218.91,196.5,245,,262.5
2017.01.06,7.86,3.29,4.88,5.44,140.94,216.6,193.5,245,,257.5
2016.12.30,7.86,3.72,5.32,5.66,138.58,216.29,,,,
2016.12.23,7.86,3.66,4.82,5.34,136.11,220.12,182.5,220,,245
2016.12.16,7.86,3.42,4.59,5.22,140.25,227.2,187.5,208,,247.5
2016.12.09,7.83,3.75,4.35,4.89,138.77,229.55,187.5,208,,232.5
2016.12.02,7.36,3.44,4.73,5.17,132.87,235.44,187.5,198.5,,232.5
2016.11.25,7.08,3.09,4.72,5.2,137.49,226.84,182.5,197.5,,237.5
2016.11.18,7.06,2.84,4.77,5.28,136.02,235.76,182.5,196.5,,237.5
2016.11.11,7.05,2.62,4.77,5.31,133.95,251.24,182.5,174,,217.5
2016.11.04,7.02,2.77,4.98,5.33,137.3,253.01,180,162.5,,217.5
2016.10.28,6.96,3.11,4.49,4.95,139.76,247.09,180,162.5,,212.5
2016.10.21,6.8,2.99,4.58,4.98,138.77,214.85,175,162.5,,207.5
2016.10.14,5.98,3.29,4.23,4.56,139.46,221.3,170,162.5,,194
2016.10.07,5.99,3.19,4.1,4.53,133.75,217.51,170,162.5,,194
2016.09.30,5.91,2.91,3.5,3.88,132.57,217.51,162.5,162.5,,192.5
2016.09.23,5.73,2.96,3.51,3.85,132.47,229.14,157.5,165,,192.5
2016.09.16,5.63,2.95,2.93,3.46,132.67,271.98,157.5,170,,192.5
2016.09.09,5.48,2.8,2.35,3.26,129.91,278.57,152.5,220,,192.5
2016.09.02,5.44,2.79,2.83,3.55,124.6,276.98,149,220,,192.5
2016.08.26,5.52,2.87,2.92,3.41,124.5,259.01,146.5,220,,192.5
2016.08.19,5.63,2.58,2.88,3.08,131.59,258.71,141.5,230,,192.5
2016.08.12,5.81,2.59,3.18,3.41,126.86,252.15,137.5,245,,192.5
2016.08.05,5.85,2.77,3.32,3.67,127.65,248.39,137.5,245,,187.5
2016.07.29,6,2.88,3.56,3.96,131.69,248.84,137.5,277.5,,187.5
2016.07.22,5.96,2.78,3.61,4.24,131.88,253.29,,280,,190
2016.07.15,5.28,2.76,3.31,4.15,138.67,253.65,135,285,,194
2016.07.08,5.23,2.8,3.34,4.09,137.69,267.1,139,285,,200
2016.07.01,5.22,2.99,3.38,4.07,138.97,268.28,139,300,,202.5
2016.06.24,5.31,2.66,3.5,4.25,151.37,284.54,142.5,322.5,,207
2016.06.17,5.05,2.62,3.45,4.21,172.33,276.06,142.5,322.5,,207
2016.06.10,4.82,2.56,3.38,4.07,166.53,269.23,145.5,322.5,,207
2016.06.03,4.76,2.4,3.49,4.19,164.66,264.07,151.5,327.5,,207
2016.05.27,4.66,2.17,3.22,4.15,162.49,260.73,151.5,352.5,,207
2016.05.20,4.61,2.06,3,3.8,155.31,254.78,156.5,352.5,,216.5
2016.05.13,4.46,2.1,3.04,3.82,150.39,270.19,156.5,352.5,,222.5
2016.05.06,4.47,2.1,2.96,3.72,148.02,272.67,160,352.5,,218.5
2016.04.29,4.57,2.18,3.09,3.81,153.63,276.33,165,352.5,,218.5
2016.04.22,4.3,2.14,3.18,3.88,146.35,280.74,170,352.5,,217.5
2016.04.15,4.24,1.9,2.78,3.3,149.01,278.39,172.5,352.5,,217.5
2016.04.08,4.24,1.99,2.76,3.28,142.61,265.66,172.5,355,,216.5
2016.04.01,4.29,1.96,2.85,3.41,139.36,263.02,172.5,355,,217.5
2016.03.25,4.32,1.81,2.91,3.55,145.66,264.55,177.5,335,,217.5
2016.03.18,4.4,1.91,2.97,3.59,144.48,275.67,175,335,,206
2016.03.11,4.46,1.82,2.95,3.63,144.09,308.9,182.5,272.5,,197.5
2016.03.04,4.39,1.67,3.02,3.58,139.56,307.43,182.5,272.5,,215
2016.02.26,4.44,1.79,3.04,3.61,139.56,305.15,182.5,272.5,,212.5
2016.02.19,4.66,1.8,2.9,3.55,143.89,303.76,182.5,272.5,,202.5
2016.02.12,5.38,1.97,2.98,3.55,141.23,304.78,182.5,272.5,,197.5
2016.02.05,5.38,2.06,2.88,3.59,143.99,304.78,185,272.5,,197.5
2016.01.29,5.06,2.3,3.05,3.86,146.45,302.4,192.5,292.5,,197.5
2016.01.22,5.12,2.14,3,3.99,145.76,295.88,200,295,,205
2016.01.15,6.73,2.1,3.24,3.93,143,317.34,202.5,310,,212.5
2016.01.08,6.78,2.47,3.37,4.27,140.54,321.28,205,390,,222.5
2016.01.01,6.86,2.34,3.26,4.24,141.23,322.62,207.5,390,,226.5
2015.12.25,6.96,2.03,3.09,4.16,143.5,319.84,206,390,,
2015.12.18,7.2,1.77,3.38,4.34,147.43,319.22,210,420,,
2015.12.11,7.39,1.99,3.58,4.78,146.84,317.93,212.5,420,,
2015.12.04,7.39,2.19,3.75,5.08,148.12,317.82,212.5,420,,
2015.11.27,7.29,2.21,3.78,5.23,141.43,316.1,212.5,460,,
2015.11.20,7.49,2.15,3.78,5.11,143,305.65,212.5,460,,
2015.11.13,7.28,2.36,3.23,4.67,141.04,282.55,211,460,,
2015.11.06,7.27,2.37,3.56,4.91,146.84,291.26,207.5,460,,
2015.10.30,7.13,2.32,3.72,5.2,150.48,288.1,205,460,,
2015.10.23,7.07,2.29,3.91,5.34,149.5,286.64,202.5,460,,
2015.10.16,6.8,2.43,4,5.42,148.32,297.5,200,460,,
2015.10.09,6.7,2.5,4.12,5.39,150.68,299.62,205,470,,
2015.10.02,6.67,2.45,3.82,5.2,153.24,296.8,205,407.5,,
2015.09.25,6.83,2.56,4.1,5.54,153.14,306.39,200,407.5,,
2015.09.18,6.96,2.61,4.09,5.56,148.52,305.24,200,407.5,,
2015.09.11,7.55,2.69,4.17,5.66,147.43,345.3,205,407.5,,
2015.09.04,7.62,2.66,4.18,5.67,137.59,363.73,205,402,,
2015.08.28,7.67,2.72,3.88,5.71,143,367.39,195,402,,
2015.08.21,7.73,2.68,3.78,5.62,143.79,372.88,195,402,,
2015.08.14,8.01,2.8,4.07,5.73,143.3,376.92,192.5,402,,
2015.08.07,8.03,2.8,4.07,5.85,146.74,382.43,200,402,,
2015.07.31,8.07,2.72,4.28,5.99,146.06,383.98,202.5,402,,
2015.07.24,7.88,2.78,4.18,5.99,154.52,383.63,202.5,402,,
2015.07.17,7.83,2.87,4.36,6.17,165.44,380.12,210,402,,
2015.07.10,7.38,2.77,4.47,6.1,168.2,367.81,210,402,,
2015.07.03,7.27,2.82,4.36,6.13,165.25,368.45,217.5,402,,
2015.06.26,7.24,2.77,4.21,6,151.57,370.75,217.5,402,,
2015.06.19,7.2,2.82,4.35,6.04,139.07,373.44,222.5,402,,
2015.06.12,7.62,2.75,4.28,5.97,138.97,375.26,222.5,397,,
2015.06.05,7.64,2.59,4.41,5.89,141.92,374.44,210,397,,
2015.05.29,7.73,2.64,4.38,6.01,138.38,390.34,210,402,,
2015.05.22,7.75,2.89,4.22,6.03,141.72,394.35,210,372.5,,
2015.05.15,7.12,3.02,4.46,6.04,143.89,386.56,217.5,372.5,,
2015.05.08,7.06,2.88,4.38,5.94,141.13,388.02,217.5,385,,
2015.05.01,7.09,2.78,4.39,5.88,141.63,386.95,217.5,385,,
2015.04.24,7.09,2.53,4.52,6.4,143.5,392.13,227.5,385,,
2015.04.17,6.88,2.63,4.59,6.27,149.5,392.75,232.5,385,,
2015.04.10,7.39,2.51,4.83,6.71,148.42,396.9,255,395,,
2015.04.03,7.45,2.71,5.03,6.65,152.16,396.79,255,405,,
2015.03.27,7.54,2.59,4.8,6.49,153.93,396.3,260,445,,
2015.03.20,7.72,2.79,4.62,6.18,151.57,397.47,262.5,445,,
2015.03.13,7.28,2.73,4.68,6.3,147.24,362.09,281,445,,
2015.03.06,7.2,2.84,4.58,6.59,149.3,362.15,281,435,,
2015.02.27,7.2,2.73,5.17,6.96,151.37,361.57,281,435,,
2015.02.20,6.73,2.95,5.02,6.57,151.67,361.33,282.5,435,,
2015.02.13,7.43,2.8,5.34,6.87,152.45,369.02,287.5,475,,
2015.02.06,7.42,2.58,4.87,6.24,151.86,372.67,287.5,475,,
2015.01.30,7.55,2.69,4.87,5.9,145.66,366.72,288.5,540,,
2015.01.23,7.95,2.99,4.42,5.66,152.26,367.33,286,540,,
2015.01.16,9,3.13,4.66,5.72,152.35,362.93,287.5,540,,
2015.01.09,9.98,2.95,4.51,5.64,157.57,359.65,,540,,
2015.01.02,10.06,3,4.73,5.95,155.8,365.85,,,,
2014.12.26,10.09,3.01,5.36,6.63,163.28,365.04,282.5,540,,
2014.12.19,10.08,3.46,5.19,6.44,161.61,376.21,282.5,615,,
2014.12.12,10.06,3.8,5.45,6.67,156,384.22,282.5,615,,
2014.12.05,10.07,3.8,5.58,6.85,150.19,389.86,282.5,615,,
2014.11.28,10.09,4.09,5.79,7.03,147.93,391.21,282.5,615,,
2014.11.21,10.16,4.27,5.57,6.81,146.74,387.1,280,627.5,,
2014.11.14,12.51,4.02,5.35,6.52,150.29,360.39,278.5,627.5,,
2014.11.07,12.58,4.41,5.28,6.68,144.68,360.93,285,627.5,,
2014.10.31,13.07,3.87,5.05,5.88,148.32,361.43,285,627.5,,
2014.10.24,13.66,3.62,5.08,6.39,138.97,370.95,278.5,597.5,,
2014.10.17,14.36,3.77,4.96,6.09,137,402.09,280,597.5,,
2014.10.10,14.45,3.86,5.07,6.13,131.49,382.64,282.5,595,,
2014.10.03,14.46,4.04,5.08,6.11,127.26,381.38,291.5,595,,
2014.09.26,14.55,3.98,4.99,6.4,127.16,381.87,285,595,,
2014.09.19,13.16,3.84,4.92,6.16,130.5,384.25,285,535,,
2014.09.12,12.83,3.86,4.5,5.62,133.46,419.97,282.5,535,,
2014.09.05,12.77,3.79,4.15,5.38,136.41,446.45,274.5,545,,
2014.08.29,12.41,4.07,4.15,5.38,141.33,425.65,274.5,505,,
2014.08.22,12.08,3.84,4.15,5.38,143.89,417.12,273.5,505,,
2014.08.15,11.8,3.78,4.15,5.38,143.99,417.59,273.5,447.5,,
2014.08.08,13.03,3.96,4.15,5.38,138.48,410.07,273.5,447.5,,
2014.08.01,11.4,3.8,4.15,5.38,138.77,406.58,270,447.5,,
2014.07.25,19.8,3.78,,,142.91,395.67,269,447.5,,
2014.07.18,19.8,3.95,,,146.15,392.25,271.5,447.5,,
2014.07.11,19.8,4.15,,,157.37,380.94,271.5,512.5,,
2014.07.04,19.8,4.41,,,164.16,380.94,262.5,512.5,,
2014.06.27,19.8,4.41,,,174.4,379.98,258.5,512.5,,
2014.06.20,19.8,4.53,,,178.44,386.57,258.5,512.5,,
2014.06.13,19.8,4.74,,,175.97,384.54,257.5,512.5,,
2014.06.06,19.8,4.71,,,180.7,381.87,250,512.5,,
2014.05.30,19.8,4.54,,,183.36,382.57,252.5,512.5,,
2014.05.23,19.8,4.41,,,188.18,378.86,252.5,512.5,,
2014.05.16,19.8,4.41,,,190.34,386.1,257.5,512.5,,
2014.05.09,19.8,4.53,,,198.81,382.93,257.5,512.5,,
2014.05.02,19.8,4.67,,,194.48,382.14,262.5,498.5,,
2014.04.25,19.8,4.65,,,199.6,376.9,267.5,498.5,,
2014.04.18,19.8,4.74,,,194.77,382.37,267.5,498.5,,
2014.04.11,19.8,4.62,,,196.25,378.95,280,498.5,,
2014.04.04,19.8,4.44,,,197.53,380.16,279,480,,
2014.03.28,19.8,4.49,,,193.69,382,307.5,477.5,,
2014.03.21,19.8,4.31,,,188.57,380.27,317.5,490,,
2014.03.14,19.8,4.43,,,185.92,334.89,322.5,460,,
2014.03.07,19.8,4.62,,,189.36,336.43,322.5,460,,
2014.02.28,19.8,4.61,,,180.11,338.61,317.5,460,,
2014.02.21,19.8,6.14,,,178.34,343.94,317.5,460,,
2014.02.14,19.8,5.21,,,175.29,352.44,316,440,,
2014.02.07,19.8,4.78,,,174.89,353.13,315,440,,
2014.01.31,19.8,4.94,,,170.86,349.51,305,440,,
2014.01.24,19.8,5.18,,,169.09,356.6,302.5,440,,
2014.01.17,19.8,4.33,,,166.92,353.89,285,440,,
2014.01.10,19.8,4.05,,,170.37,348.73,,440,,
2014.01.03,19.8,4.3,,,166.72,348.7,,,,
2013.12.27,19.8,4.41,,,168.3,354.83,275,440,,
2013.12.20,19.8,4.42,,,170.56,361.41,275,440,,
2013.12.13,19.8,4.35,,,165.54,373.19,276.5,440,,
2013.12.06,19.8,4.11,,,166.92,379.25,276.5,440,,
2013.11.29,19.8,3.95,,,163.48,380.76,276.5,440,,
2013.11.22,19.8,3.77,,,166.23,379.77,272.5,435,,
2013.11.15,19.8,3.66,,,166.13,379.79,272.5,435,,
2013.11.08,19.8,3.56,,,168,359.31,267.5,440,,
2013.11.01,19.8,3.51,,,168.2,358.8,267.5,440,,
2013.10.25,19.8,3.71,,,173.22,373.55,267.5,440,,
2013.10.18,19.8,3.76,,,173.81,378.04,267.5,440,,
2013.10.11,19.8,3.78,,,170.56,386.26,264,440,,
2013.10.04,19.8,3.51,,,174.5,386.02,261.5,440,,
2013.09.27,19.8,3.59,,,178.73,384.79,262.5,437.5,,
2013.09.20,19.8,3.69,,,177.55,388.32,253.5,370,,
2013.09.13,19.8,3.68,,,177.16,398.77,255,370,,
2013.09.06,19.8,3.53,,,193.49,397.03,257.5,370,,
2013.08.30,19.8,3.58,,,194.87,393.66,262.5,402.5,,
2013.08.23,19.8,3.49,,,195.07,395.36,262.5,402.5,,
2013.08.16,19.8,3.37,,,186.51,390.02,270,402.5,,
2013.08.09,19.8,3.23,,,183.36,391.87,270,402.5,,
2013.08.02,19.8,3.35,,,187.39,392.04,265,405,,
2013.07.26,19.8,3.56,,,193.69,391.74,270,470,,
2013.07.19,19.8,3.79,,,214.16,395.09,265,470,,
2013.07.12,19.8,3.64,,,276.17,384.36,255,470,,
2013.07.05,19.8,3.62,,,269.57,386.95,252.5,535,,
2013.06.28,19.8,3.57,,,267.41,383.54,252.5,535,,
2013.06.21,19.8,3.77,,,260.52,385.05,247.5,535,,
2013.06.14,19.8,3.73,,,257.86,390.65,252.5,532.5,,
2013.06.07,19.8,3.83,,,262.29,389.66,255,532.5,,
2013.05.31,19.8,3.98,,,260.62,390.41,255,555,,
2013.05.24,19.8,4.24,,,258.75,387.66,260,555,,
2013.05.17,19.8,4.06,,,256.97,390.27,275,555,,
2013.05.10,19.8,3.91,,,270.75,376.12,,555,,
2013.05.03,19.8,4.04,,,275.38,382.42,295,572.5,,
2013.04.26,19.8,4.15,,,253.53,374.53,300,565,,
2013.04.19,19.8,4.41,,,256.68,376.15,315,532.5,,
2013.04.12,19.8,4.22,,,259.24,378.54,342.5,532.5,,
2013.04.05,19.8,4.13,,,247.62,381.07,342.5,532.5,,
2013.03.29,19.8,4.02,,,,,342.5,542.5,,
2013.03.22,19.8,3.93,,,,,347.5,542.5,,
2013.03.15,19.8,3.87,,,,,355,535,,
2013.03.08,19.8,3.63,,,,,355,540,,
2013.03.01,19.8,3.46,,,,,,540,,
2013.02.22,,,,,,,,540,,
2013.02.15,,,,,,,,575,,
2013.02.08,,,,,,,,622.5,,
2013.02.01,,,,,,,,702.5,,
2013.01.25,,,,,,,,702.5,,
2013.01.18,,,,,,,,702.5,,
2013.01.11,,,,,,,,702.5,,