Date,Import_Volume_Ton,Import_Volume_Liter,Total_Import_Value_USD_Per_Ton,Total_Import_Value_USD_Per_Liter,Import_Volume_Price_per_ton_USD,Import_Volume_Price_per_Liter_USD,FX_rate,Import_Volume_Price_MNT,Derived_Monthly_Volume_per_Ton,Derived_Monthly_Volume_per_Liter,Purchased_Volume_per_ Litter,Purchased_Unit_Price_MNT,Total_Purchased_Value_MNT,URALS_Crude _Oil_(USD/BBL),URALS_Crude_oil_Price_per_Ton_(USD),URALS_Crude_oil_Price_per_Litter_(USD),BRENT_Crude_oil_(USD/BBL),BRENT_Crude_Oil_Price_per_Ton (USD),BRENT Crude OIL per Liter (USD),URALS_Crude_oil_Price_per_Litter_(MNT),BRENT_Crude_Oil_Price_per_Ton _(MNT)
2020-02," 167,180.00 "," 167,180,000.00 "," 106,745,260.00 "," 106,745,260,000.00 ", 638.50 , 0.64 ," 2,756.95 "," 1,760.33 "," 53,320.00 "," 53,320,000.00 "," 46,920.00 "," 1,845.45 "," 86,588,727.27 ", 48.86 , 364.01 , 0.36 , 51.31 , 384.83 , 0.38 ," 1,003.55 "," 1,060.94 "
2020-03," 206,220.00 "," 206,220,000.00 "," 128,989,110.00 "," 128,989,110,000.00 ", 625.49 , 0.63 ," 2,768.95 "," 1,731.96 "," 39,040.00 "," 39,040,000.00 "," 140,760.00 "," 1,718.18 "," 241,851,272.73 ", 15.11 , 112.57 , 0.11 , 14.85 , 111.38 , 0.11 , 311.70 , 308.39 
2020-04," 265,080.00 "," 265,080,000.00 "," 152,507,540.00 "," 152,507,540,000.00 ", 575.33 , 0.58 ," 2,783.05 "," 1,601.16 "," 58,860.00 "," 58,860,000.00 "," 46,920.00 "," 1,500.00 "," 70,380,000.00 ", 18.78 , 139.91 , 0.14 , 18.11 , 135.83 , 0.14 , 389.38 , 378.01 
2020-05," 341,210.00 "," 341,210,000.00 "," 173,205,610.00 "," 173,205,610,000.00 ", 507.62 , 0.51 ," 2,797.15 "," 1,419.89 "," 76,130.00 "," 76,130,000.00 "," 46,920.00 "," 1,072.73 "," 50,332,363.64 ", 35.46 , 264.18 , 0.26 , 34.15 , 256.13 , 0.26 , 738.94 , 716.42 
2020-06," 458,870.00 "," 458,870,000.00 "," 205,029,240.00 "," 205,029,240,000.00 ", 446.81 , 0.45 ," 2,815.65 "," 1,258.07 "," 117,660.00 "," 117,660,000.00 "," 93,840.00 "," 1,086.36 "," 101,944,363.64 ", 44.16 , 328.99 , 0.33 , 41.64 , 312.30 , 0.31 , 926.33 , 879.33 
2020-07," 544,450.00 "," 544,450,000.00 "," 234,774,430.00 "," 234,774,430,000.00 ", 431.21 , 0.43 ," 2,835.32 "," 1,222.63 "," 85,580.00 "," 85,580,000.00 "," 93,840.00 "," 1,227.27 "," 115,167,272.72 ", 43.57 , 324.60 , 0.32 , 43.13 , 323.48 , 0.32 , 920.33 , 917.15 
2020-08," 644,090.00 "," 644,090,000.00 "," 274,153,340.00 "," 274,153,340,000.00 ", 425.64 , 0.43 ," 2,848.92 "," 1,212.63 "," 99,640.00 "," 99,640,000.00 "," 140,760.00 "," 1,275.76 "," 179,575,636.37 ", 45.10 , 336.00 , 0.34 , 45.22 , 339.15 , 0.34 , 957.22 , 966.21 
2020-09," 719,990.00 "," 719,990,000.00 "," 304,521,050.00 "," 304,521,050,000.00 ", 422.95 , 0.42 ," 2,854.13 "," 1,207.16 "," 75,900.00 "," 75,900,000.00 "," 93,840.00 "," 1,295.45 "," 121,565,454.55 ", 40.49 , 301.65 , 0.30 , 40.30 , 302.25 , 0.30 , 860.95 , 862.66 
2020-10," 801,370.00 "," 801,370,000.00 "," 338,215,800.00 "," 338,215,800,000.00 ", 422.05 , 0.42 ," 2,853.61 "," 1,204.36 "," 81,380.00 "," 81,380,000.00 "," 140,760.00 "," 1,390.91 "," 195,784,363.64 ", 37.12 , 276.54 , 0.28 , 36.33 , 272.48 , 0.27 , 789.15 , 777.54 
2020-11," 917,240.00 "," 917,240,000.00 "," 385,782,470.00 "," 385,782,470,000.00 ", 420.59 , 0.42 ," 2,849.96 "," 1,198.67 "," 115,870.00 "," 115,870,000.00 "," 167,600.00 "," 1,431.27 "," 239,881,454.55 ", 46.92 , 349.55 , 0.35 , 46.84 , 351.30 , 0.35 , 996.21 ," 1,001.19 "
2020-12," 1,026,850.00 "," 1,026,850,000.00 "," 432,420,510.00 "," 432,420,510,000.00 ", 421.11 , 0.42 ," 2,849.53 "," 1,199.98 "," 109,610.00 "," 109,610,000.00 "," 184,345.00 "," 1,490.64 "," 274,792,045.45 ", 50.97 , 379.73 , 0.38 , 51.22 , 384.15 , 0.38 ," 1,082.04 "," 1,094.65 "
2021-01," 109,910.00 "," 109,910,000.00 "," 51,165,090.00 "," 51,165,090,000.00 ", 465.52 , 0.47 ," 2,849.83 "," 1,326.65 "," 109,910.00 "," 109,910,000.00 "," 92,625.00 "," 1,517.70 "," 140,577,409.09 ", 55.81 , 415.78 , 0.42 , 55.25 , 414.38 , 0.41 ," 1,184.92 "," 1,180.90 "
2021-02," 191,520.00 "," 191,520,000.00 "," 91,915,210.00 "," 91,915,210,000.00 ", 479.92 , 0.48 ," 2,849.67 "," 1,367.63 "," 81,610.00 "," 81,610,000.00 "," 191,370.00 "," 1,539.64 "," 294,641,727.27 ", 64.92 , 483.65 , 0.48 , 65.86 , 493.95 , 0.49 ," 1,378.25 "," 1,407.59 "
2021-03," 273,680.00 "," 273,680,000.00 "," 135,775,570.00 "," 135,775,570,000.00 ", 496.11 , 0.50 ," 2,849.62 "," 1,413.73 "," 82,160.00 "," 82,160,000.00 "," 195,600.00 "," 1,645.28 "," 321,815,868.18 ", 61.63 , 459.14 , 0.46 , 63.52 , 476.40 , 0.48 ," 1,308.39 "," 1,357.56 "
2021-04," 352,790.00 "," 352,790,000.00 "," 178,967,700.00 "," 178,967,700,000.00 ", 507.29 , 0.51 ," 2,849.90 "," 1,445.73 "," 79,110.00 "," 79,110,000.00 "," 46,920.00 "," 1,563.64 "," 73,365,818.18 ", 65.69 , 489.39 , 0.49 , 67.73 , 507.98 , 0.51 ," 1,394.71 "," 1,447.68 "
2021-05," 405,050.00 "," 405,050,000.00 "," 207,636,550.00 "," 207,636,550,000.00 ", 512.62 , 0.51 ," 2,849.54 "," 1,460.73 "," 52,260.00 "," 52,260,000.00 "," 93,840.00 "," 1,650.00 "," 154,836,000.00 ", 67.74 , 504.66 , 0.50 , 69.36 , 520.20 , 0.52 ," 1,438.06 "," 1,482.33 "
2021-06," 504,500.00 "," 504,500,000.00 "," 263,387,870.00 "," 263,387,870,000.00 ", 522.08 , 0.52 ," 2,849.08 "," 1,487.44 "," 99,450.00 "," 99,450,000.00 "," 46,920.00 "," 1,663.64 "," 78,057,818.18 ", 74.91 , 558.08 , 0.56 , 76.94 , 577.05 , 0.58 ," 1,590.01 "," 1,644.06 "
2021-07," 595,050.00 "," 595,050,000.00 "," 317,739,050.00 "," 317,739,050,000.00 ", 533.97 , 0.53 ," 2,848.94 "," 1,521.25 "," 90,550.00 "," 90,550,000.00 ",,,, 73.97 , 551.08 , 0.55 , 77.72 , 582.90 , 0.58 ," 1,569.99 "," 1,660.65 "
2021-08," 674,400.00 "," 674,400,000.00 "," 367,097,490.00 "," 367,097,490,000.00 ", 544.33 , 0.54 ," 2,848.83 "," 1,550.71 "," 79,350.00 "," 79,350,000.00 "," 93,840.00 "," 1,804.55 "," 169,338,545.46 ", 70.88 , 528.06 , 0.53 , 73.45 , 550.88 , 0.55 ," 1,504.34 "," 1,569.35 "
2021-09," 738,280.00 "," 738,280,000.00 "," 406,042,530.00 "," 406,042,530,000.00 ", 549.98 , 0.55 ," 2,848.86 "," 1,566.83 "," 63,880.00 "," 63,880,000.00 "," 93,840.00 "," 1,800.00 "," 168,912,000.00 ", 75.86 , 565.16 , 0.57 , 77.81 , 583.58 , 0.58 ," 1,610.05 "," 1,662.52 "
2021-10," 803,330.00 "," 803,330,000.00 "," 449,666,610.00 "," 449,666,610,000.00 ", 559.75 , 0.56 ," 2,848.90 "," 1,594.68 "," 65,050.00 "," 65,050,000.00 "," 51,000.00 "," 2,078.18 "," 105,987,272.73 ", 82.10 , 611.65 , 0.61 , 83.10 , 623.25 , 0.62 ," 1,742.52 "," 1,775.58 "
2021-11," 889,620.00 "," 889,620,000.00 "," 512,538,960.00 "," 512,538,960,000.00 ", 576.13 , 0.58 ," 2,848.99 "," 1,641.40 "," 86,290.00 "," 86,290,000.00 "," 187,640.00 "," 2,286.13 "," 428,969,090.91 ", 69.34 , 516.58 , 0.52 , 70.86 , 531.45 , 0.53 ," 1,471.74 "," 1,514.10 "
2021-12," 988,920.00 "," 988,920,000.00 "," 590,100,750.00 "," 590,100,750,000.00 ", 596.71 , 0.60 ," 2,848.90 "," 1,699.97 "," 99,300.00 "," 99,300,000.00 "," 46,920.00 "," 2,290.91 "," 107,489,454.55 ", 76.80 , 572.16 , 0.57 , 77.24 , 579.30 , 0.58 ," 1,630.03 "," 1,650.37 "
2022-01," 89,480.00 "," 89,480,000.00 "," 66,167,370.00 "," 66,167,370,000.00 ", 739.47 , 0.74 ," 2,849.42 "," 2,107.05 "," 89,480.00 "," 89,480,000.00 "," 46,920.00 "," 2,281.82 "," 107,062,909.09 ", 92.04 , 685.70 , 0.69 , 92.35 , 692.63 , 0.69 ," 1,953.84 "," 1,973.58 "
2022-02," 148,270.00 "," 148,270,000.00 "," 109,550,600.00 "," 109,550,600,000.00 ", 738.86 , 0.74 ," 2,856.59 "," 2,110.61 "," 58,790.00 "," 58,790,000.00 ",,,, 94.28 , 702.39 , 0.70 , 103.08 , 773.10 , 0.77 ," 2,006.43 "," 2,208.43 "
2022-03," 198,310.00 "," 198,310,000.00 "," 151,087,560.00 "," 151,087,560,000.00 ", 761.88 , 0.76 ," 2,900.03 "," 2,209.46 "," 50,040.00 "," 50,040,000.00 "," 46,920.00 "," 2,363.64 "," 110,901,818.18 ", 82.91 , 617.68 , 0.62 , 107.29 , 804.68 , 0.80 ," 1,791.29 "," 2,333.58 "
2022-04," 267,300.00 "," 267,300,000.00 "," 212,793,910.00 "," 212,793,910,000.00 ", 796.09 , 0.80 ," 3,039.09 "," 2,419.38 "," 68,990.00 "," 68,990,000.00 ",,,, 79.41 , 591.60 , 0.59 , 108.36 , 812.70 , 0.81 ," 1,797.94 "," 2,469.87 "
2022-05," 346,740.00 "," 346,740,000.00 "," 291,869,020.00 "," 291,869,020,000.00 ", 841.75 , 0.84 ," 3,110.13 "," 2,617.96 "," 79,440.00 "," 79,440,000.00 ",,,, 98.03 , 730.32 , 0.73 , 125.53 , 941.48 , 0.94 ," 2,271.40 "," 2,928.11 "
2022-06," 443,520.00 "," 443,520,000.00 "," 394,493,110.00 "," 394,493,110,000.00 ", 889.46 , 0.89 ," 3,123.69 "," 2,778.40 "," 96,780.00 "," 96,780,000.00 ",,,, 90.99 , 677.88 , 0.68 , 119.78 , 898.35 , 0.90 ," 2,117.48 "," 2,806.17 "
2022-07," 527,210.00 "," 527,210,000.00 "," 490,568,850.00 "," 490,568,850,000.00 ", 930.50 , 0.93 ," 3,151.72 "," 2,932.68 "," 83,690.00 "," 83,690,000.00 "," 46,920.00 "," 3,363.64 "," 157,821,988.80 ", 82.81 , 616.93 , 0.62 , 111.51 , 836.33 , 0.84 ," 1,944.40 "," 2,635.86 "
2022-08," 618,010.00 "," 618,010,000.00 "," 590,301,500.00 "," 590,301,500,000.00 ", 955.16 , 0.96 ," 3,186.09 "," 3,043.24 "," 90,800.00 "," 90,800,000.00 "," 46,920.00 "," 3,272.73 "," 153,556,363.64 ", 78.14 , 582.14 , 0.58 , 96.55 , 724.13 , 0.72 ," 1,854.76 "," 2,307.13 "
2022-09," 698,260.00 "," 698,260,000.00 "," 671,056,020.00 "," 671,056,020,000.00 ", 961.04 , 0.96 ," 3,252.73 "," 3,126.00 "," 80,250.00 "," 80,250,000.00 "," 46,920.00 "," 3,136.36 "," 147,158,181.82 ", 70.40 , 524.48 , 0.52 , 88.90 , 666.75 , 0.67 ," 1,705.99 "," 2,168.76 "
2022-10," 784,350.00 "," 784,350,000.00 "," 756,830,780.00 "," 756,830,780,000.00 ", 964.91 , 0.96 ," 3,369.26 "," 3,251.05 "," 86,090.00 "," 86,090,000.00 "," 140,760.00 "," 3,366.67 "," 473,892,000.00 ", 75.04 , 559.05 , 0.56 , 93.30 , 699.75 , 0.70 ," 1,883.58 "," 2,357.64 "
2022-11," 865,960.00 "," 865,960,000.00 "," 839,474,640.00 "," 839,474,640,000.00 ", 969.42 , 0.97 ," 3,406.98 "," 3,302.77 "," 81,610.00 "," 81,610,000.00 "," 46,920.00 "," 3,445.45 "," 161,660,727.27 ", 66.54 , 495.72 , 0.50 , 85.61 , 642.08 , 0.64 ," 1,688.92 "," 2,187.53 "
2022-12," 981,990.00 "," 981,990,000.00 "," 959,719,590.00 "," 959,719,590,000.00 ", 977.32 , 0.98 ," 3,431.80 "," 3,353.97 "," 116,030.00 "," 116,030,000.00 "," 53,700.00 "," 3,809.09 "," 204,548,181.82 ", 56.28 , 419.29 , 0.42 , 82.82 , 621.15 , 0.62 ," 1,438.91 "," 2,131.66 "
2023-01," 123,770.00 "," 123,770,000.00 "," 115,974,880.00 "," 115,974,880,000.00 ", 937.02 , 0.94 ," 3,467.08 "," 3,248.72 "," 123,770.00 "," 123,770,000.00 "," 46,920.00 "," 3,409.09 "," 159,954,545.45 ", 56.05 , 417.57 , 0.42 , 83.42 , 625.65 , 0.63 ," 1,447.76 "," 2,169.18 "
2023-02," 194,280.00 "," 194,280,000.00 "," 177,219,630.00 "," 177,219,630,000.00 ", 912.19 , 0.91 ," 3,509.33 "," 3,201.16 "," 70,510.00 "," 70,510,000.00 "," 133,540.00 "," 3,064.91 "," 409,288,363.64 ", 60.27 , 449.01 , 0.45 , 83.21 , 624.08 , 0.62 ," 1,575.73 "," 2,190.08 "
2023-03," 292,890.00 "," 292,890,000.00 "," 260,893,180.00 "," 260,893,180,000.00 ", 890.75 , 0.89 ," 3,525.27 "," 3,140.15 "," 98,610.00 "," 98,610,000.00 "," 144,620.00 "," 2,940.32 "," 425,229,272.73 ", 58.50 , 435.83 , 0.44 , 79.19 , 593.93 , 0.59 ," 1,536.40 "," 2,093.75 "
2023-04," 395,050.00 "," 395,050,000.00 "," 340,219,950.00 "," 340,219,950,000.00 ", 861.21 , 0.86 ," 3,496.81 "," 3,011.48 "," 102,160.00 "," 102,160,000.00 "," 167,600.00 "," 2,674.93 "," 448,317,818.19 ", 62.20 , 463.39 , 0.46 , 81.32 , 609.90 , 0.61 ," 1,620.39 "," 2,132.70 "
2023-05," 531,410.00 "," 531,410,000.00 "," 441,841,470.00 "," 441,841,470,000.00 ", 831.45 , 0.83 ," 3,461.07 "," 2,877.71 "," 136,360.00 "," 136,360,000.00 "," 93,840.00 "," 2,659.09 "," 249,529,090.90 ", 53.60 , 399.32 , 0.40 , 71.98 , 539.85 , 0.54 ," 1,382.08 "," 1,868.46 "
2023-06," 646,050.00 "," 646,050,000.00 "," 522,732,930.00 "," 522,732,930,000.00 ", 809.12 , 0.81 ," 3,439.00 "," 2,782.57 "," 114,640.00 "," 114,640,000.00 "," 192,970.00 "," 2,369.05 "," 457,156,363.64 ", 57.47 , 428.15 , 0.43 , 74.51 , 558.83 , 0.56 ," 1,472.41 "," 1,921.80 "
2023-07," 787,070.00 "," 787,070,000.00 "," 621,896,450.00 "," 621,896,450,000.00 ", 790.14 , 0.79 ," 3,441.13 "," 2,718.98 "," 141,020.00 "," 141,020,000.00 "," 182,251.00 "," 2,447.93 "," 446,137,663.64 ", 70.23 , 523.21 , 0.52 , 85.22 , 639.15 , 0.64 ," 1,800.45 "," 2,199.40 "
2023-08," 943,840.00 "," 943,840,000.00 "," 736,707,360.00 "," 736,707,360,000.00 ", 780.54 , 0.78 ," 3,470.10 "," 2,708.56 "," 156,770.00 "," 156,770,000.00 "," 140,909.00 "," 2,348.86 "," 330,975,027.27 ", 71.12 , 529.84 , 0.53 , 87.29 , 654.68 , 0.65 ," 1,838.61 "," 2,271.78 "
2023-09," 1,024,370.00 "," 1,024,370,000.00 "," 801,252,550.00 "," 801,252,550,000.00 ", 782.19 , 0.78 ," 3,466.28 "," 2,711.29 "," 80,530.00 "," 80,530,000.00 "," 192,250.00 "," 2,486.86 "," 478,099,363.62 ", 82.02 , 611.05 , 0.61 , 95.86 , 718.95 , 0.72 ," 2,118.07 "," 2,492.08 "
2023-10," 1,090,030.00 "," 1,090,030,000.00 "," 863,615,630.00 "," 863,615,630,000.00 ", 792.29 , 0.79 ," 3,452.57 "," 2,735.42 "," 65,660.00 "," 65,660,000.00 "," 116,867.00 "," 3,289.29 "," 384,409,172.73 ", 75.80 , 564.71 , 0.56 , 86.82 , 651.15 , 0.65 ," 1,949.70 "," 2,248.14 "
2023-11," 1,200,680.00 "," 1,200,680,000.00 "," 971,743,110.00 "," 971,743,110,000.00 ", 809.33 , 0.81 ," 3,440.89 "," 2,784.80 "," 110,650.00 "," 110,650,000.00 "," 232,260.00 "," 3,812.01 "," 885,378,181.82 ", 64.60 , 481.27 , 0.48 , 81.72 , 612.90 , 0.61 ," 1,656.00 "," 2,108.92 "
2023-12," 1,346,990.00 "," 1,346,990,000.00 "," 1,110,033,050.00 "," 1,110,033,050,000.00 ", 824.08 , 0.82 ," 3,420.68 "," 2,818.93 "," 146,310.00 "," 146,310,000.00 "," 50,928.00 "," 3,848.23 "," 195,982,690.91 ", 59.70 , 444.77 , 0.44 , 77.69 , 582.68 , 0.58 ," 1,521.40 "," 1,993.14 "
2024-01," 129,920.00 "," 129,920,000.00 "," 114,722,400.00 "," 114,722,400,000.00 ", 883.02 , 0.88 ," 3,407.45 "," 3,008.86 "," 129,920.00 "," 129,920,000.00 "," 225,430.00 "," 3,109.79 "," 701,039,363.64 ", 72.21 , 537.96 , 0.54 , 82.98 , 622.35 , 0.62 ," 1,833.09 "," 2,120.62 "
2024-02," 243,980.00 "," 243,980,000.00 "," 211,223,720.00 "," 211,223,720,000.00 ", 865.74 , 0.87 ," 3,392.45 "," 2,936.99 "," 114,060.00 "," 114,060,000.00 "," 144,400.00 "," 2,824.34 "," 407,835,272.73 ", 74.59 , 555.70 , 0.56 , 84.57 , 634.28 , 0.63 ," 1,885.17 "," 2,151.75 "
2024-03," 392,350.00 "," 392,350,000.00 "," 337,212,720.00 "," 337,212,720,000.00 ", 859.47 , 0.86 ," 3,376.21 "," 2,901.75 "," 148,370.00 "," 148,370,000.00 "," 140,760.00 "," 2,609.09 "," 367,255,636.36 ", 77.43 , 576.85 , 0.58 , 86.17 , 646.28 , 0.65 ," 1,947.58 "," 2,181.96 "
2024-04," 533,920.00 "," 533,920,000.00 "," 453,575,340.00 "," 453,575,340,000.00 ", 849.52 , 0.85 ," 3,376.53 "," 2,868.43 "," 141,570.00 "," 141,570,000.00 "," 290,149.00 "," 2,686.47 "," 779,477,408.90 ", 79.53 , 592.50 , 0.59 , 88.23 , 661.73 , 0.66 ," 2,000.59 "," 2,234.33 "
2024-05," 669,940.00 "," 669,940,000.00 "," 562,408,230.00 "," 562,408,230,000.00 ", 839.49 , 0.84 ," 3,381.29 "," 2,838.56 "," 136,020.00 "," 136,020,000.00 "," 332,210.00 "," 2,473.64 "," 821,768,000.02 ", 71.48 , 532.53 , 0.53 , 79.41 , 595.58 , 0.60 ," 1,800.63 "," 2,013.81 "
2024-06," 783,090.00 "," 783,090,000.00 "," 649,135,860.00 "," 649,135,860,000.00 ", 828.94 , 0.83 ," 3,381.16 "," 2,802.78 "," 113,150.00 "," 113,150,000.00 "," 104,286.00 "," 2,513.98 "," 262,173,345.45 ", 80.32 , 598.38 , 0.60 , 87.26 , 654.45 , 0.65 ," 2,023.23 "," 2,212.80 "
2024-07," 938,260.00 "," 938,260,000.00 "," 766,084,160.00 "," 766,084,160,000.00 ", 816.49 , 0.82 ," 3,380.89 "," 2,760.48 "," 155,170.00 "," 155,170,000.00 "," 145,650.00 "," 2,406.68 "," 350,533,636.36 ", 75.27 , 560.76 , 0.56 , 81.39 , 610.43 , 0.61 ," 1,895.87 "," 2,063.78 "
2024-08," 1,088,330.00 "," 1,088,330,000.00 "," 880,967,670.00 "," 880,967,670,000.00 ", 809.47 , 0.81 ," 3,381.01 "," 2,736.82 "," 150,070.00 "," 150,070,000.00 "," 148,730.00 "," 2,398.15 "," 356,676,545.46 ", 74.08 , 551.90 , 0.55 , 80.20 , 601.50 , 0.60 ," 1,865.97 "," 2,033.68 "
2024-09," 1,231,500.00 "," 1,231,500,000.00 "," 988,213,650.00 "," 988,213,650,000.00 ", 802.45 , 0.80 ," 3,381.00 "," 2,713.07 "," 143,170.00 "," 143,170,000.00 "," 145,652.00 "," 2,352.58 "," 342,657,327.28 ", 66.44 , 494.98 , 0.49 , 72.35 , 542.63 , 0.54 ," 1,673.52 "," 1,834.61 "
2024-10," 1,360,370.00 "," 1,360,370,000.00 "," 1,082,085,060.00 "," 1,082,085,060,000.00 ", 795.43 , 0.80 ," 3,391.61 "," 2,697.80 "," 128,870.00 "," 128,870,000.00 "," 149,878.00 "," 2,436.19 "," 365,130,854.54 ", 66.70 , 496.92 , 0.50 , 73.25 , 549.38 , 0.55 ," 1,685.34 "," 1,863.26 "
2024-11," 1,480,350.00 "," 1,480,350,000.00 "," 1,169,882,930.00 "," 1,169,882,930,000.00 ", 790.27 , 0.79 ," 3,412.78 "," 2,697.04 "," 119,980.00 "," 119,980,000.00 "," 97,330.00 "," 2,630.10 "," 255,987,454.54 ", 67.47 , 502.65 , 0.50 , 74.16 , 556.20 , 0.56 ," 1,715.44 "," 1,898.19 "
2024-12," 1,641,500.00 "," 1,641,500,000.00 "," 1,296,003,410.00 "," 1,296,003,410,000.00 ", 789.52 , 0.79 ," 3,417.97 "," 2,698.57 "," 161,150.00 "," 161,150,000.00 "," 285,465.00 "," 2,862.00 "," 817,001,818.17 ", 68.51 , 510.40 , 0.51 , 74.58 , 559.35 , 0.56 ," 1,744.53 "," 1,911.84 "
2025-01," 169,820.00 "," 169,820,000.00 "," 134,468,910.00 "," 134,468,910,000.00 ", 791.83 , 0.79 ," 3,430.61 "," 2,716.46 "," 169,820.00 "," 169,820,000.00 "," 234,600.00 "," 2,589.09 "," 607,400,727.27 ", 70.12 , 522.39 , 0.52 , 77.11 , 578.33 , 0.58 ," 1,792.13 "," 1,984.01 "
2025-02," 324,640.00 "," 324,640,000.00 "," 256,708,060.00 "," 256,708,060,000.00 ", 790.75 , 0.79 ," 3,458.32 "," 2,734.66 "," 154,820.00 "," 154,820,000.00 "," 280,950.00 "," 2,528.32 "," 710,330,454.54 ", 65.49 , 487.90 , 0.49 , 74.76 , 560.70 , 0.56 ," 1,687.32 "," 1,939.08 "
2025-03," 456,390.00 "," 456,390,000.00 "," 359,725,100.00 "," 359,725,100,000.00 ", 788.20 , 0.79 ," 3,474.07 "," 2,738.25 "," 131,750.00 "," 131,750,000.00 "," 193,830.00 "," 2,529.33 "," 490,260,318.18 ",, -   , -   , 77.23 , 579.23 , 0.58 , -   ," 2,012.27 "
2025-04," 598,280.00 "," 598,280,000.00 "," 457,823,700.00 "," 457,823,700,000.00 ", 765.23 , 0.77 ," 3,542.03 "," 2,710.48 "," 141,890.00 "," 141,890,000.00 "," 391,747.00 "," 2,373.39 "," 929,768,881.83 ", 58.28 , 434.19 , 0.43 , 63.37 , 475.28 , 0.48 ," 1,537.90 "," 1,683.44 "
2025-05," 710,260.00 "," 710,260,000.00 "," 530,456,810.00 "," 530,456,810,000.00 ", 746.85 , 0.75 ," 3,572.80 "," 2,668.34 "," 111,980.00 "," 111,980,000.00 "," 266,279.00 "," 2,176.53 "," 579,564,309.09 ", 57.95 , 431.73 , 0.43 , 64.32 , 482.40 , 0.48 ," 1,542.47 "," 1,723.52 "
2025-06," 836,560.00 "," 836,560,000.00 "," 610,326,590.00 "," 610,326,590,000.00 ", 729.57 , 0.73 ," 3,577.56 "," 2,610.07 "," 126,300.00 "," 126,300,000.00 "," 387,157.00 "," 2,178.75 "," 843,518,954.54 ", 63.31 , 471.66 , 0.47 , 68.15 , 511.13 , 0.51 ," 1,687.39 "," 1,828.58 "
2025-07," 991,630.00 "," 991,630,000.00 "," 711,508,920.00 "," 711,508,920,000.00 ", 717.51 , 0.72 ," 3,584.68 "," 2,572.06 "," 155,070.00 "," 155,070,000.00 "," 383,380.00 "," 2,432.71 "," 932,654,150.84 ", 65.60 , 488.72 , 0.49 , 73.43 , 550.73 , 0.55 ," 1,751.90 "," 1,974.17 "
2025-08," 1,193,030.00 "," 1,193,030,000.00 "," 850,832,380.00 "," 850,832,380,000.00 ", 713.17 , 0.71 ," 3,592.14 "," 2,561.80 "," 201,400.00 "," 201,400,000.00 "," 442,110.00 "," 2,521.37 "," 1,114,723,378.95 ", 65.10 , 485.00 , 0.48 , 67.83 , 508.73 , 0.51 ," 1,742.17 "," 1,827.41 "
2025-09," 1,361,530.00 "," 1,361,530,000.00 "," 967,849,640.00 "," 967,849,640,000.00 ", 710.85 , 0.71 ," 3,593.92 "," 2,554.75 "," 168,500.00 "," 168,500,000.00 "," 430,760.00 "," 2,477.64 "," 1,067,269,493.57 ", 65.80 , 490.21 , 0.49 , 68.52 , 513.90 , 0.51 ," 1,761.77 "," 1,846.91 "
2025-10," 1,500,100.00 "," 1,500,100,000.00 "," 1,067,591,540.00 "," 1,067,591,540,000.00 ", 711.68 , 0.71 ," 3,592.18 "," 2,556.48 "," 138,570.00 "," 138,570,000.00 "," 557,470.00 "," 2,695.75 "," 1,502,797,994.05 ", 58.60 , 436.57 , 0.44 , 65.44 , 490.80 , 0.49 ," 1,568.24 "," 1,763.04 "
2025-11," 1,629,060.00 "," 1,629,060,000.00 "," 1,164,646,950.00 "," 1,164,646,950,000.00 ", 714.92 , 0.71 ," 3,570.73 "," 2,552.79 "," 128,960.00 "," 128,960,000.00 "," 383,355.00 "," 3,196.22 "," 1,225,287,506.67 ", 55.90 , 416.46 , 0.42 , 64.07 , 480.53 , 0.48 ," 1,487.05 "," 1,715.83 "
2025-12," 1,833,120.00 "," 1,833,120,000.00 "," 1,343,228,810.00 "," 1,343,228,810,000.00 ", 732.76 , 0.73 ," 3,549.34 "," 2,600.80 "," 204,060.00 "," 204,060,000.00 "," 474,270.00 "," 3,277.11 "," 1,554,234,222.82 ", 51.30 , 382.19 , 0.38 , 61.35 , 460.13 , 0.46 ," 1,356.50 "," 1,633.14 "
2026-01," 147,000.00 "," 147,000,000.00 "," 121,457,730.00 "," 121,457,730,000.00 ", 826.24 , 0.83 ," 3,560.74 "," 2,942.04 "," 147,000.00 "," 147,000,000.00 "," 350,385.00 "," 2,961.04 "," 1,037,504,939.43 ", 55.20 , 411.24 , 0.41 , 72.25 , 541.88 , 0.54 ," 1,464.32 "," 1,929.47 "
2026-02," 287,050.00 "," 287,050,000.00 "," 227,260,410.00 "," 227,260,410,000.00 ", 791.71 , 0.79 ," 3,565.75 "," 2,823.04 "," 140,050.00 "," 140,050,000.00 "," 414,815.00 "," 2,736.89 "," 1,135,304,122.08 ", 58.60 , 436.57 , 0.44 , 71.32 , 534.90 , 0.53 ," 1,556.70 "," 1,907.32 "
2026-03," 461,490.00 "," 461,490,000.00 "," 353,494,080.00 "," 353,494,080,000.00 ", 765.98 , 0.77 ," 3,566.60 "," 2,731.96 "," 174,440.00 "," 174,440,000.00 "," 462,680.00 "," 2,832.37 "," 1,310,480,892.42 ", 109.69 , 817.19 , 0.82 , 126.69 , 950.18 , 0.95 ," 2,914.59 "," 3,388.89 "
2026-04," 657,650.00 "," 657,650,000.00 "," 546,866,690.00 "," 546,866,690,000.00 ", 831.55 , 0.83 ," 3,573.54 "," 2,971.57 "," 196,160.00 "," 196,160,000.00 "," 443,966.00 "," 3,765.56 "," 1,671,781,200.02 ", 108.57 , 808.85 , 0.81 , 124.24 , 931.80 , 0.93 ," 2,890.45 "," 3,329.83 "
2026-05," 820,370.00 "," 820,370,000.00 "," 752,487,050.00 "," 752,487,050,000.00 ", 917.25 , 0.92 ," 3,576.09 "," 3,280.18 "," 162,720.00 "," 162,720,000.00 "," 302,742.70 "," 4,077.81 "," 1,234,528,713.96 ", 86.38 , 643.53 , 0.64 , 92.88 , 696.60 , 0.70 ," 2,301.32 "," 2,491.10 "
2026-06," 956,660.00 "," 956,660,000.00 "," 909,122,730.00 "," 909,122,730,000.00 ", 950.31 , 0.95 ," 3,576.69 "," 3,398.96 "," 136,290.00 "," 136,290,000.00 "," 605,077.00 "," 3,770.75 "," 2,281,594,511.62 ", 57.40 , 427.63 , 0.43 , 70.46 , 528.45 , 0.53 ," 1,529.50 "," 1,890.10 "
,,,,,,,,,,,,,,,,,,,,,
