date,article_count,mean_compound,median_compound,std_compound,min_compound,max_compound,pct_negative,pct_positive,weighted_compound,sent_ema3,sent_ema10,sent_momentum,dominant_sentiment,spy_open,spy_high,spy_low,spy_close,spy_volume,spy_return_1d,spy_gap_pct,spy_range_pct,spy_return_5d,spy_return_20d,qqq_open,qqq_high,qqq_low,qqq_close,qqq_volume,qqq_return_1d,qqq_gap_pct,qqq_range_pct,qqq_return_5d,qqq_return_20d,dia_open,dia_high,dia_low,dia_close,dia_volume,dia_return_1d,dia_gap_pct,dia_range_pct,dia_return_5d,dia_return_20d,vix_close,vix_pct_chg,market_direction,spy_return_next1d,spy_up_next1d,qqq_return_next1d,qqq_up_next1d,dia_return_next1d,dia_up_next1d,vix_regime,sent_quantile_60d,rolling_corr_60d
2020-03-16,1,-0.9042,-0.9042,,-0.9042,-0.9042,1.0,0.0,-0.9042,-0.9042,-0.9042,0.0,negative,219.84020754106757,234.1692913616769,216.35821121478764,218.62789916992188,297240000.0,-10.94,-10.45,7.26,-12.540000000000001,-28.95,167.64744420772877,177.7842655957843,162.84377416044902,162.97854614257812,92054400.0,-11.98,-9.46,8.07,-12.540000000000001,-27.85,184.01807758403393,194.54230541456448,179.57134045093068,180.4446563720703,12407000.0,-12.76,-11.03,7.24,-15.18,-31.06,82.69000244140625,42.99,-1,-2.98,0.0,-3.44,0.0,-3.8699999999999997,0.0,extreme,,
2020-03-27,1,-0.1921,-0.1921,,-0.1921,-0.1921,1.0,0.0,-0.1921,-0.5482,-0.7747,0.2266,negative,232.21801874837786,239.13128235143066,230.18254563117415,232.3555450439453,224341200.0,-2.98,-3.04,3.74,10.76,-13.96,180.33374802416697,183.78742144963604,178.14386067142345,178.7612762451172,58845000.0,-3.44,-2.59,3.05,8.780000000000001,-9.77,194.50016274430524,199.55013622570905,191.783011936732,193.3739776611328,10545600.0,-3.8699999999999997,-3.3099999999999996,3.8600000000000003,12.740000000000002,-14.760000000000002,65.54000091552734,7.4399999999999995,-1,-2.44,0.0,-2.79,0.0,-1.9800000000000002,0.0,extreme,,
2021-01-27,1,-0.128,-0.128,,-0.128,-0.128,1.0,0.0,-0.128,-0.3381,-0.6571,0.3191,negative,353.05012900637144,353.1429888444501,345.4268095254111,347.6553039550781,123351100.0,-2.44,-0.9299999999999999,2.17,-2.4699999999999998,0.6,315.86602767429855,315.8756890037456,307.249539984331,309.25360107421875,55264000.0,-2.79,-0.7100000000000001,2.71,-1.34,2.16,278.3261616923856,278.4895878983831,274.2948156919488,275.3480529785156,5743100.0,-1.9800000000000002,-0.9199999999999999,1.49,-2.73,-0.2,37.209999084472656,61.63999999999999,-1,-0.27999999999999997,0.0,-1.16,0.0,0.08,1.0,extreme,,
2021-11-22,1,-0.1027,-0.1027,,-0.1027,-0.1027,1.0,0.0,-0.1027,-0.2204,-0.5563,0.3359,negative,441.518225650883,444.00292604113224,438.1990253218852,438.4053039550781,72762000.0,-0.27999999999999997,0.43,1.32,0.03,2.64,394.03771684540067,397.0884162450373,387.8391259434944,387.94598388671875,61715400.0,-1.16,0.38999999999999996,2.36,1.1900000000000002,5.65,329.3306961395639,330.95208803040344,328.0501364502233,328.1514892578125,4929200.0,0.08,0.44,0.89,-1.2,-0.18,19.170000076293945,7.04,-1,-1.92,0.0,-3.0700000000000003,0.0,-1.03,0.0,normal,,
2022-01-05,1,0.2023,0.2023,,0.2023,0.2023,0.0,1.0,0.2023,-0.009,-0.4184,0.4094,positive,448.96903355258615,449.74059423041956,440.6136660037969,440.707763671875,104538900.0,-1.92,-0.08,2.03,-1.91,0.37,384.00549782002093,385.12424866501397,373.5867520579978,373.8396911621094,75739800.0,-3.0700000000000003,-0.44,2.9899999999999998,-4.3,-3.2800000000000002,339.3801588708691,341.03225807533147,335.9375508550783,336.0390625,7638000.0,-1.03,-0.04,1.5,-0.21,1.96,19.729999542236328,16.68,-1,-3.8,0.0,-4.65,0.0,-2.8000000000000003,0.0,normal,,
2022-06-13,1,-0.872,-0.872,,-0.872,-0.872,1.0,0.0,-0.872,-0.4405,-0.5009,0.0604,negative,358.5184977773577,360.3684205912054,352.33631352731584,353.94085693359375,170004900.0,-3.8,-2.55,2.18,-8.93,-6.65,272.47890269246346,275.00158137030417,267.39457667040625,268.251708984375,94442000.0,-4.65,-3.15,2.7,-10.35,-8.790000000000001,285.8705928997044,287.8414685455413,282.76553035207627,284.08563232421875,6317200.0,-2.8000000000000003,-2.19,1.7399999999999998,-7.249999999999999,-4.9399999999999995,34.02000045776367,22.59,-1,-4.35,0.0,-5.48,0.0,-3.9600000000000004,0.0,elevated,,
2022-09-13,1,-0.2732,-0.2732,,-0.2732,-0.2732,1.0,0.0,-0.2732,-0.3569,-0.4595,0.1026,negative,380.9023296148453,382.1062054187296,371.5084765344116,372.62701416015625,122947100.0,-4.35,-2.22,2.7199999999999998,0.6,-8.34,294.5209158923819,295.7114920734445,285.7282470797957,286.6163024902344,79562200.0,-5.48,-2.88,3.29,0.22,-11.82,297.75886882393456,298.49673601246764,290.3148956781668,291.155517578125,4301200.0,-3.9600000000000004,-1.78,2.7,-0.15,-7.969999999999999,27.270000457763672,14.24,-1,5.5,1.0,7.380000000000001,1.0,3.66,1.0,elevated,,
2022-11-10,1,0.7003,0.7003,,0.7003,0.7003,0.0,1.0,0.7003,0.1717,-0.2486,0.4203,positive,369.351119187772,376.0043135418382,367.0572748219786,375.6711730957031,141455800.0,5.5,3.7199999999999998,2.5100000000000002,6.38,7.85,269.83696023512476,276.71948696896897,267.72526572529426,276.42620849609375,99256700.0,7.380000000000001,4.82,3.49,8.55,5.18,313.17890456331264,316.2430287135593,310.9862246306152,316.02752685546875,6002300.0,3.66,2.73,1.72,5.4399999999999995,12.280000000000001,23.530000686645508,-9.81,1,-1.44,0.0,-1.4000000000000001,0.0,-1.04,0.0,normal,,
2023-03-10,1,-0.9274,-0.9274,,-0.9274,-0.9274,1.0,0.0,-0.9274,-0.3778,-0.372,-0.0058,negative,373.8583475978051,375.93327957719293,367.4806170891498,369.0009460449219,189253000.0,-1.44,-0.15,2.26,-4.52,-5.2,286.96617449163693,288.455756194458,281.62532666802826,282.7718811035156,98593600.0,-1.4000000000000001,0.06,2.3800000000000003,-3.71,-4.35,304.2871156301593,306.4852457062703,300.4096900678021,301.6361389160156,7741600.0,-1.04,-0.16999999999999998,1.9900000000000002,-4.33,-4.99,24.799999237060547,9.69,-1,0.02,1.0,-0.33,0.0,0.26,1.0,normal,,
2023-07-26,1,0.3182,0.3182,,0.3182,0.3182,0.0,1.0,0.3182,-0.0298,-0.2465,0.2167,positive,437.8357951870991,440.26354925381463,436.78569416377627,438.8377380371094,71052900.0,0.02,-0.21,0.79,0.06999999999999999,4.43,371.23793110681225,372.73183551991457,368.7415117640106,371.0413513183594,47075700.0,-0.33,-0.27999999999999997,1.0699999999999998,-2.11,3.7600000000000002,335.95870562891866,338.9459202195649,335.93966010723585,337.9660339355469,3084700.0,0.26,-0.33,0.89,1.38,4.8,13.1899995803833,-4.83,1,-0.88,0.0,-0.9400000000000001,0.0,-0.75,0.0,low,,
2023-10-19,1,-0.25,-0.25,,-0.25,-0.25,1.0,0.0,-0.25,-0.1399,-0.2472,0.1073,negative,416.64105822052716,418.4489633659572,411.59437816274504,412.2711181640625,121323000.0,-0.88,0.16999999999999998,1.6500000000000001,-1.67,-1.15,359.06844869661955,360.2593967452439,353.50737702332975,354.30462646484375,72274200.0,-0.9400000000000001,0.4,1.8900000000000001,-2.69,0.59,321.63160844263564,323.4752825763874,318.8326591117874,319.1765441894531,5201800.0,-0.75,0.02,1.44,-0.64,-1.9,21.399999618530273,11.34,-1,0.54,1.0,0.12,1.0,0.63,1.0,normal,,
2024-01-25,1,0.3818,0.3818,,0.3818,0.3818,0.0,1.0,0.3818,0.1209,-0.1328,0.2537,positive,473.30199623812143,474.0106300348732,471.1761540957068,473.73883056640625,72525000.0,0.54,0.44999999999999996,0.6,2.42,2.6,422.68264997969175,423.3536603803969,418.360726282685,420.6993103027344,44367200.0,0.12,0.59,1.1900000000000002,3.2300000000000004,3.82,364.0709886917047,365.50202308453106,362.96649768267486,365.4252014160156,3539100.0,0.63,0.26,0.7000000000000001,1.5699999999999998,1.4200000000000002,13.449999809265137,2.36,1,-0.3,0.0,-0.43,0.0,-0.26,0.0,low,,
2024-09-18,1,-0.5719,-0.5719,,-0.5719,-0.5719,1.0,0.0,-0.5719,-0.2255,-0.2126,-0.0128,negative,550.7030274298603,555.5385664291312,547.8603498689396,548.4171752929688,59044900.0,-0.3,0.12,1.4000000000000001,1.26,0.48,469.7733253245315,473.8604366394035,465.9434648552166,466.5471496582031,39909200.0,-0.43,0.26,1.69,0.6,-1.8399999999999999,404.8079848646188,408.20158473773535,402.91725309937397,403.5378112792969,3173600.0,-0.26,0.06,1.31,1.69,1.87,18.229999542236328,3.52,-1,2.4899999999999998,1.0,2.7199999999999998,1.0,3.54,1.0,normal,,
2024-11-06,1,0.34,0.34,,0.34,0.34,0.0,1.0,0.34,0.0573,-0.1122,0.1694,positive,577.3397109306703,580.014738259286,573.6064067155438,579.1426391601562,68182000.0,2.4899999999999998,2.17,1.13,1.9,2.41,496.06107920229374,501.85850679379894,495.10971593005127,501.03594970703125,43082200.0,2.7199999999999998,1.7000000000000002,1.38,1.8499999999999999,2.52,422.84379131298954,425.88870715600655,421.9196051444204,425.34393310546875,7271800.0,3.54,2.93,0.97,3.6700000000000004,2.9000000000000004,16.270000457763672,-20.599999999999998,1,-0.67,0.0,-0.8,0.0,-0.25,0.0,normal,,
2025-02-03,1,-0.8519,-0.8519,,-0.8519,-0.8519,1.0,0.0,-0.8519,-0.3973,-0.2467,-0.1507,negative,582.6943020815504,590.1860392450765,580.5510025263411,587.70849609375,65857200.0,-0.67,-1.52,1.63,-0.27,2.25,509.6755241871737,517.000992221849,507.27342449560086,514.28125,40580800.0,-0.8,-1.69,1.8800000000000001,0.76,1.54,429.3166624980242,435.45939256688365,428.4279960746249,433.8675537109375,4527700.0,-0.25,-1.3,1.6199999999999999,-0.64,4.87,18.6200008392334,13.33,-1,-0.33999999999999997,0.0,-0.6799999999999999,0.0,-0.16999999999999998,0.0,normal,,
2026-03-24,1,0.0,0.0,,0.0,0.0,0.0,0.0,0.0,-0.1987,-0.2018,0.0032,neutral,649.6463809650626,655.3417305137531,648.2100787416998,651.5015869140625,96457500.0,-0.33999999999999997,-0.62,1.09,-2.36,-4.71,584.168034177979,587.2846043834495,581.291190762444,583.3389282226562,57750900.0,-0.6799999999999999,-0.54,1.02,-3.08,-3.81,456.2188320325225,461.7123158833246,455.243526735054,458.95562744140625,8188000.0,-0.16999999999999998,-0.77,1.41,-1.8499999999999999,-6.02,26.950000762939453,3.06,-1,-0.33,0.0,-0.76,0.0,0.15,1.0,elevated,,
2026-03-30,4,0.1882,0.1819,0.6502,-0.4588,0.8481,0.5,0.5,0.1882,0.0002,-0.1349,0.1351,positive,638.4651675144013,638.7245091624994,627.6630399662237,630.3460693359375,99275900.0,-0.33,0.95,1.7500000000000002,-3.5700000000000003,-7.68,566.7571613464482,567.4264087803426,554.990063621082,557.6671752929688,70602600.0,-0.76,0.8500000000000001,2.21,-5.050000000000001,-8.08,453.4123230082303,453.9298151580749,448.2770964590094,449.8893127441406,9181600.0,0.15,0.9299999999999999,1.26,-2.15,-7.39,30.610000610351562,-1.4200000000000002,-1,2.91,1.0,3.39,1.0,2.46,1.0,elevated,,
2026-03-31,2,0.4254,0.4254,0.7469,-0.1027,0.9536,0.5,0.5,0.4254,0.2128,-0.033,0.2459,positive,637.2981538716512,649.865752001465,636.3405988140365,648.6688842773438,152534100.0,2.91,1.0999999999999999,2.15,-0.43,-4.15,563.6705222317372,578.0048059355398,563.5906539497258,576.54638671875,95878000.0,3.39,1.08,2.58,-1.16,-3.94,454.61651163262223,461.5928611065636,452.48680316363084,460.96588134765625,11656300.0,2.46,1.05,2.02,0.44,-4.390000000000001,25.25,-17.51,1,0.75,1.0,1.24,1.0,0.49,1.0,elevated,,
2026-04-01,2,-0.5796,-0.5796,0.0976,-0.6486,-0.5106,1.0,0.0,-0.5796,-0.1834,-0.1324,-0.051,negative,652.219751792706,656.8278752918841,651.3220400966815,653.5562744140625,97841500.0,0.75,0.5499999999999999,0.8500000000000001,-0.24,-4.1000000000000005,580.8416686249938,587.0948065489223,579.7828346644924,583.6685791015625,79435100.0,1.24,0.75,1.27,-0.6,-4.21,463.7624262850829,465.6532970562426,462.2696287755815,463.24493408203125,7790300.0,0.49,0.61,0.73,0.29,-4.36,24.540000915527344,-2.81,1,0.09,1.0,0.11,1.0,-0.09,0.0,normal,,
2026-04-02,7,-0.6804,-0.7469,0.2496,-0.9199,-0.2782,1.0,0.0,-0.6804,-0.4319,-0.232,-0.1999,negative,644.7589215344626,656.5086804928782,643.4522901873171,654.144775390625,68358700.0,0.09,-1.35,2.0,1.66,-3.4799999999999995,573.3399058573888,585.4066623334502,571.2921684003409,584.3378295898438,50941700.0,0.11,-1.77,2.42,1.95,-3.81,457.95043885566554,465.2750835333769,456.67658628688787,462.826904296875,3955900.0,-0.09,-1.1400000000000001,1.8599999999999999,1.25,-2.87,23.8700008392334,-2.73,1,0.47000000000000003,1.0,0.6,1.0,0.37,1.0,normal,,
2026-04-06,4,-0.5904,-0.5874,0.2858,-0.891,-0.296,1.0,0.0,-0.5904,-0.3301,-0.2327,-0.0974,negative,654.1746977251443,658.0247645183308,653.8356054757206,657.23681640625,39105800.0,0.47000000000000003,0.0,0.64,3.92,-1.73,585.5864761740653,589.9616731281693,584.04818857967,587.85400390625,35108500.0,0.6,0.21,1.01,4.61,-1.7500000000000002,461.9312639583547,464.7775166253798,461.2346129737179,464.5287170410156,2905300.0,0.37,-0.19,0.77,3.4099999999999997,-1.5699999999999998,24.170000076293945,1.26,1,0.04,1.0,0.02,1.0,-0.19,0.0,normal,,
2026-04-07,7,-0.0133,0.0,0.7081,-0.9217,0.875,0.4286,0.4286,-0.0133,-0.1717,-0.1928,0.0211,neutral,654.9626585699763,657.9150134208243,649.386996170508,657.5260009765625,69980400.0,0.04,-0.35000000000000003,1.3,4.31,-2.54,584.9971348275072,588.33343423744,577.7650922119919,587.9439086914062,49948200.0,0.02,-0.49,1.7999999999999998,5.43,-3.0300000000000002,463.5135942190584,464.0709028205349,459.8910579384201,463.6429748535156,3943200.0,-0.19,-0.22,0.8999999999999999,3.06,-2.3,25.780000686645508,6.660000000000001,1,2.55,1.0,2.97,1.0,2.85,1.0,elevated,,
2026-04-08,4,0.371,0.7876,0.8725,-0.9371,0.8462,0.25,0.75,0.371,0.0997,-0.0903,0.19,positive,674.6519776493207,675.3402070755335,669.734652974974,674.27294921875,93606100.0,2.55,2.6,0.8500000000000001,3.95,0.1,608.0418015962135,609.2304976949432,601.4590090396181,605.4246826171875,63086000.0,2.97,3.42,1.32,5.01,-0.15,476.5805376024232,477.8942065670926,473.2764721595418,476.85919189453125,4697500.0,2.85,2.79,1.0,3.45,0.52,21.040000915527344,-18.39,1,0.58,1.0,0.6799999999999999,1.0,0.5700000000000001,1.0,normal,,
2026-04-09,10,0.0492,0.2155,0.7699,-0.9723,0.944,0.4,0.5,0.0492,0.0745,-0.0649,0.1394,neutral,673.1059235004034,679.4096297331154,672.0386657215836,678.162841796875,57134400.0,0.58,-0.16999999999999998,1.09,3.7699999999999996,0.8,605.2648690435934,609.8298599139192,602.3680889271087,609.5202026367188,37837500.0,0.6799999999999999,-0.03,1.23,4.43,0.54,475.1972313781793,480.9494763958036,474.719555626791,479.5860595703125,4213700.0,0.5700000000000001,-0.35000000000000003,1.31,3.53,1.71,19.489999771118164,-7.37,1,-0.06999999999999999,0.0,0.13999999999999999,1.0,-0.5499999999999999,0.0,normal,,
2026-04-10,4,-0.1708,-0.1444,0.7099,-0.8885,0.4939,0.5,0.5,-0.1708,-0.0482,-0.0842,0.036,negative,679.5692561407437,680.2774536083281,676.7066358948267,677.7140502929688,42253500.0,-0.06999999999999999,0.21,0.53,3.5999999999999996,2.29,611.1684052317679,612.9963525292593,608.9108762966896,610.3992309570312,34038500.0,0.13999999999999999,0.27,0.67,4.46,2.44,479.8846386756649,480.08366011563896,476.33177340921475,476.94879150390625,2659000.0,-0.5499999999999999,0.06,0.7799999999999999,3.05,2.74,19.229999542236328,-1.3299999999999998,-1,0.98,1.0,1.03,1.0,0.6,1.0,normal,,
2026-04-13,8,-0.1674,-0.2917,0.6653,-0.8591,0.762,0.5,0.375,-0.2323,-0.1465,-0.0876,-0.0589,negative,675.669302461078,684.536473353906,674.8414790590384,684.3369750976562,54185800.0,0.98,-0.3,1.43,4.12,3.88,608.8109292631304,626.0519920071752,607.4424380458482,616.7122802734375,32972100.0,1.03,-0.26,3.05,4.91,4.12,473.8138971201319,479.9642150708717,472.8684466257933,479.81494140625,3768700.0,0.6,-0.66,1.49,3.29,3.5900000000000003,19.1200008392334,-0.5700000000000001,1,1.22,1.0,1.82,1.0,0.7000000000000001,1.0,normal,,
2026-04-14,13,0.0458,0.0,0.5776,-0.9153,0.7678,0.3846,0.4615,0.0458,-0.0504,-0.0634,0.013,neutral,685.9229138241225,692.7952238870419,685.8929616905456,692.675537109375,63480500.0,1.22,0.22999999999999998,1.01,5.35,4.08,619.5391066149297,627.909912109375,619.4192432257902,627.909912109375,49921100.0,1.82,0.45999999999999996,1.38,6.800000000000001,4.83,480.09358574849716,483.6364890469086,479.5462084948473,483.1587829589844,4217900.0,0.7000000000000001,0.06,0.8500000000000001,4.21,3.45,18.360000610351562,-3.9699999999999998,1,0.79,1.0,1.4000000000000001,1.0,-0.16,0.0,normal,,
2026-04-15,20,0.1292,0.0,0.5524,-0.8625,0.9748,0.45,0.45,0.1381,0.0394,-0.0283,0.0677,positive,693.4734516118131,698.480571570673,692.4161778504387,698.1414184570312,58240400.0,0.79,0.12,0.88,3.54,4.63,628.389443361703,637.1298380333551,627.5104045058445,636.7003173828125,50102400.0,1.4000000000000001,0.08,1.53,5.17,5.779999999999999,484.173930535591,484.7411704797769,480.5414324746387,482.39251708984375,3474500.0,-0.16,0.21,0.8699999999999999,1.16,3.16,18.170000076293945,-1.03,1,0.25,1.0,0.48,1.0,0.19,1.0,normal,,
2026-04-16,26,0.2621,0.3906,0.519,-0.8481,0.9432,0.3077,0.6154,0.264,0.1508,0.0245,0.1263,positive,699.2585607342904,700.9741726960574,696.7350934539525,699.8569946289062,49972400.0,0.25,0.16,0.61,3.2,6.370000000000001,638.508341093032,641.4750515662109,634.5626649382287,639.7669067382812,42320600.0,0.48,0.27999999999999997,1.09,4.96,7.8,483.48721631601376,484.4425981226612,481.0290754480154,483.2981262207031,4111500.0,0.19,0.22999999999999998,0.7100000000000001,0.77,5.11,17.940000534057617,-1.27,1,1.21,1.0,1.31,1.0,1.81,1.0,normal,,
2026-04-17,48,0.178,0.2833,0.5709,-0.9517,0.936,0.375,0.5625,0.175,0.1644,0.0524,0.112,positive,704.3255249385737,710.5594650064761,703.9464965121796,708.3152465820312,70661900.0,1.21,0.64,0.9400000000000001,4.52,7.920000000000001,644.8813252169399,649.2864572780229,643.3629742993419,648.1376953125,53488900.0,1.31,0.8,0.9299999999999999,6.18,9.55,488.5211924291607,494.86329103974697,488.21252207777735,492.0556335449219,10238700.0,1.81,1.08,1.38,3.17,7.470000000000001,17.479999542236328,-2.56,1,-0.2,0.0,-0.32,0.0,0.02,1.0,normal,,
2026-04-20,72,-0.0652,-0.0809,0.5984,-0.9747,0.9287,0.5278,0.3889,-0.0718,0.0371,0.0582,-0.0211,negative,706.9587079747221,708.0857482546458,704.3254772575062,706.8988037109375,43546800.0,-0.2,-0.19,0.53,3.3000000000000003,9.27,647.3285838511964,648.0478251654257,641.8146849601577,646.0799560546875,37138500.0,-0.32,-0.12,0.96,4.760000000000001,11.26,491.28900998697395,492.613172050446,490.1539878892006,492.1651306152344,3764000.0,0.02,-0.16,0.5,2.5700000000000003,8.48,18.8700008392334,7.95,-1,-0.65,0.0,-0.38,0.0,-0.6,0.0,normal,,
2026-04-21,69,0.1413,0.0258,0.4872,-0.93,0.9153,0.3188,0.4928,0.1356,0.0892,0.0733,0.0159,positive,708.4548936431559,709.4523240430285,700.8345107773317,702.2708129882812,58941400.0,-0.65,0.22,1.22,1.39,7.430000000000001,647.6981578004061,649.4862317832127,641.5050128476822,643.6226806640625,39580500.0,-0.38,0.25,1.24,2.5,9.58,495.06235306666446,496.19737507911344,488.172675868601,489.2080993652344,4322200.0,-0.6,0.59,1.63,1.25,6.41,19.5,3.34,-1,1.01,1.0,1.67,1.0,0.69,1.0,normal,,
2026-04-22,74,0.1224,0.128,0.5009,-0.8779,0.93,0.2703,0.527,0.1265,0.1058,0.0822,0.0236,positive,707.3278031045794,709.6218808832724,706.4001392457644,709.3825073242188,42518500.0,1.01,0.72,0.45999999999999996,1.6099999999999999,8.88,649.4363527672372,654.6106593494021,647.8081371457112,654.390869140625,37368400.0,1.67,0.8999999999999999,1.06,2.78,12.18,493.15080682849504,493.967223019168,491.0699634039234,492.59326171875,4022400.0,0.69,0.8099999999999999,0.59,2.11,7.33,18.920000076293945,-2.97,1,-0.38999999999999996,0.0,-0.5599999999999999,0.0,-0.36,0.0,normal,,
2026-04-23,70,-0.0279,0.0,0.5197,-0.9371,0.8516,0.4143,0.3714,-0.0305,0.0389,0.0622,-0.0232,neutral,707.6768673789517,710.5295037064266,700.4754491270062,706.6295776367188,56174000.0,-0.38999999999999996,-0.24,1.4200000000000002,0.97,7.86,652.8325617169355,656.1988574654163,644.8114082493845,650.7048950195312,40099800.0,-0.5599999999999999,-0.24,1.7399999999999998,1.71,10.82,490.39293146120957,492.96164971370155,486.3706459735065,490.8409729003906,4077300.0,-0.36,-0.44999999999999996,1.34,1.5599999999999998,6.260000000000001,19.309999465942383,2.06,-1,0.77,1.0,1.91,1.0,-0.16,0.0,normal,,
2026-04-24,71,0.0871,0.128,0.5795,-0.8934,0.9468,0.3803,0.5211,0.0704,0.063,0.0667,-0.0037,positive,708.9236633096505,712.6340752101273,707.1881441382454,712.10546875,45182000.0,0.77,0.32,0.77,0.54,10.67,657.7871447947734,663.7805584259092,655.8093378063087,663.1512451171875,45563100.0,1.91,1.09,1.23,2.32,15.7,490.8907305096633,491.3288060095833,488.62071673004596,490.0544128417969,3372300.0,-0.16,0.01,0.5499999999999999,-0.41000000000000003,7.21,18.709999084472656,-3.11,1,0.16999999999999998,1.0,0.05,1.0,-0.08,0.0,normal,,
2026-04-27,59,0.0389,0.1027,0.5807,-0.9796,0.9001,0.3559,0.5085,0.0188,0.0704,0.0743,-0.0039,neutral,711.3374146094498,713.7911152864904,710.4696550399041,713.332275390625,33135900.0,0.16999999999999998,-0.11,0.47000000000000003,0.91,12.790000000000001,662.6718094811696,663.7006471456002,659.9647623025988,663.5008544921875,32717000.0,0.05,-0.06999999999999999,0.5599999999999999,2.7,18.07,489.4471436274069,491.3885857677221,488.1428829373092,489.6761169433594,2132100.0,-0.08,-0.12,0.66,-0.51,9.01,18.020000457763672,-3.6900000000000004,1,-0.49,0.0,-1.01,0.0,-0.08,0.0,normal,,
2026-04-28,66,0.0093,0.0,0.4901,-0.9646,0.93,0.3788,0.4394,0.0148,0.0398,0.0625,-0.0226,neutral,709.9908768700561,711.0481506026886,707.4274735730012,709.8612060546875,43117400.0,-0.49,-0.47000000000000003,0.51,1.08,12.61,656.6883250827437,658.9159186391063,653.0923012400261,656.8281860351562,34147900.0,-1.01,-1.03,0.88,2.0500000000000003,17.78,491.2989274262671,491.65736663801283,488.6207056106749,489.26788330078125,3057100.0,-0.08,0.33,0.62,0.01,8.75,17.829999923706055,-1.05,-1,-0.02,0.0,0.61,1.0,-0.5599999999999999,0.0,normal,,
2026-04-29,76,0.2012,0.2262,0.5297,-0.9792,0.8934,0.2763,0.5789,0.2006,0.1205,0.0877,0.0328,positive,709.1729992133655,710.3699278433978,706.5497524472755,709.7515258789062,41859200.0,-0.02,-0.1,0.54,0.05,9.42,657.906975030037,660.9935487523345,655.8692364466933,660.84375,31724900.0,0.61,0.16,0.7799999999999999,0.9900000000000001,14.62,488.79995152371964,489.3375647776698,484.8672379534819,486.5299377441406,3322300.0,-0.5599999999999999,-0.1,0.91,-1.23,5.55,18.809999465942383,5.5,-1,0.9900000000000001,1.0,0.9299999999999999,1.0,1.63,1.0,normal,,
2026-04-30,73,0.0633,0.0772,0.5126,-0.8658,0.947,0.3014,0.5479,0.0647,0.0919,0.0832,0.0087,positive,712.7936806635566,717.9403946619685,708.6244289610544,716.8132934570312,67240900.0,0.9900000000000001,0.43,1.31,1.44,9.68,664.6195670718752,668.165718724101,656.8381407338443,667.0069580078125,40622200.0,0.9299999999999999,0.5700000000000001,1.71,2.5100000000000002,14.280000000000001,488.8298236770933,495.40089547177945,488.2424111564862,494.4749755859375,5352300.0,1.63,0.47000000000000003,1.47,0.74,6.74,16.889999389648438,-10.209999999999999,1,0.27999999999999997,1.0,0.96,1.0,-0.33,0.0,normal,,
2026-05-01,69,0.1396,0.296,0.6214,-0.9325,0.9501,0.3768,0.5507,0.1343,0.1158,0.0935,0.0223,positive,719.3966516418469,723.0073446973263,718.6186267345964,718.7982177734375,43049800.0,0.27999999999999997,0.36,0.61,0.9400000000000001,9.879999999999999,668.425399726581,675.2279215792395,668.0658095505829,673.4099731445312,39172600.0,0.96,0.21,1.0699999999999998,1.55,15.24,496.6553899035126,497.74061274082055,492.7426081317279,492.85211181640625,4402600.0,-0.33,0.44,1.01,0.5700000000000001,6.49,16.989999771118164,0.59,1,-0.37,0.0,-0.19,0.0,-1.0999999999999999,0.0,normal,,
2026-05-04,69,0.0267,0.0,0.568,-0.9517,0.9225,0.4058,0.4203,0.0301,-0.008,0.0288,-0.0367,neutral,718.2196821209096,720.2644021704073,713.152718877996,716.1649780273438,51950600.0,-0.37,-0.08,0.9900000000000001,0.4,8.97,673.9193717407993,675.9871067346722,668.165745937857,672.141357421875,34542000.0,-0.19,0.08,1.16,1.3,14.34,491.3387939597187,492.1651457356453,486.85850100567876,487.4160461425781,3310400.0,-1.0999999999999999,-0.31,1.08,-0.45999999999999996,4.93,18.290000915527344,7.6499999999999995,-1,0.8,1.0,1.3,1.0,0.69,1.0,normal,,
2026-05-05,72,0.0917,0.1919,0.6216,-0.9633,0.9336,0.3889,0.5417,0.0787,0.0418,0.0402,0.0016,positive,719.9153564929043,723.1769124909786,719.6360467603954,721.9102172851562,36933200.0,0.8,0.52,0.49,1.7000000000000002,9.790000000000001,677.2157986999623,682.0205161358222,676.7662804889583,680.8617553710938,37101100.0,1.3,0.75,0.7799999999999999,3.66,15.8,489.73582600513816,491.42836277572695,487.8839559103421,490.8011169433594,3386200.0,0.69,0.48,0.73,0.31,5.86,17.3799991607666,-4.9799999999999995,1,1.39,1.0,2.08,1.0,1.24,1.0,normal,,
2026-05-06,66,0.2235,0.296,0.5814,-0.9862,0.9493,0.3182,0.5758,0.225,0.1327,0.0735,0.0591,positive,726.288861980811,732.7023927493656,725.9497697512824,731.9443359375,53288900.0,1.39,0.61,0.9400000000000001,3.1300000000000003,8.55,687.0250065058129,695.1660231170968,685.7263848294704,695.0062255859375,38778500.0,2.08,0.91,1.39,5.17,14.799999999999999,494.8035293982768,497.8899289054243,494.72386273645617,496.86444091796875,4317300.0,1.24,0.8200000000000001,0.65,2.12,4.2,17.389999389648438,0.06,1,-0.31,0.0,-0.12,0.0,-0.63,0.0,normal,,
2026-05-07,78,0.1474,0.0898,0.558,-0.9325,0.9524,0.3718,0.5385,0.1291,0.14,0.087,0.0531,positive,733.161188473549,734.238430329629,727.8748196364371,729.7001342773438,51724600.0,-0.31,0.16999999999999998,0.8699999999999999,1.7999999999999998,7.6,695.8153383268437,700.4701959320079,691.0106209986512,694.1771240234375,43779100.0,-0.12,0.12,1.3599999999999999,4.07,13.889999999999999,498.3180810963652,499.00506174778985,492.6031981354709,493.73822021484375,4490500.0,-0.63,0.29,1.29,-0.15,2.9499999999999997,17.079999923706055,-1.78,-1,0.83,1.0,2.34,1.0,0.04,1.0,normal,,
2026-05-08,72,0.1401,0.2256,0.5961,-0.9153,0.9652,0.375,0.5278,0.1486,0.1401,0.0966,0.0434,positive,733.0415191543954,736.1834492768152,732.6824588199246,735.724609375,47227100.0,0.83,0.45999999999999996,0.48,2.35,8.559999999999999,699.1516368844667,710.44921875,698.7321150158692,710.44921875,44320400.0,2.34,0.72,1.69,5.5,16.39,496.2969899828076,496.3666603361596,492.7625184632333,493.957275390625,3495200.0,0.04,0.52,0.73,0.22,3.5700000000000003,17.190000534057617,0.64,1,0.22999999999999998,1.0,0.29,1.0,0.2,1.0,normal,,
2026-05-11,81,0.1182,0.0516,0.5084,-0.8907,0.9623,0.321,0.5062,0.1167,0.0989,0.1028,-0.0039,positive,734.5576163199453,738.8864300819614,734.5576163199453,737.4002685546875,44024000.0,0.22999999999999998,-0.16,0.59,2.97,7.75,709.5801817559162,713.805579696499,708.1317613118729,712.5069580078125,36019100.0,0.29,-0.12,0.8,6.01,15.53,493.6286618594311,495.65973631083284,492.5932383526938,494.93292236328125,4249100.0,0.2,-0.06999999999999999,0.62,1.54,3.15,18.3799991607666,6.92,1,-0.15,0.0,-0.8500000000000001,0.0,0.16,1.0,normal,,
2026-05-12,94,-0.0281,0.0,0.5655,-0.9746,0.9538,0.3723,0.4149,-0.0265,0.0354,0.079,-0.0436,neutral,734.9964788307154,736.9414802248905,729.9494836014034,736.2831420898438,54185300.0,-0.15,-0.33,0.95,1.9900000000000002,6.3,707.4425277497028,709.4003981235137,695.8752835015275,706.463623046875,45873000.0,-0.8500000000000001,-0.7100000000000001,1.9,3.7600000000000002,12.509999999999998,494.33557246136655,496.22724544281374,491.0301049201012,495.70953369140625,7445700.0,0.16,-0.12,1.05,1.0,2.6,17.989999771118164,-2.12,-1,0.5599999999999999,1.0,1.06,1.0,-0.15,0.0,normal,,
2026-05-13,82,0.0732,0.0,0.5086,-0.9565,0.8555,0.3537,0.4634,0.0674,0.0543,0.0779,-0.0237,positive,736.5723674930287,741.9983910774667,733.5800764180441,740.4025268554688,44200200.0,0.5599999999999999,0.04,1.1400000000000001,1.16,6.05,709.1806902070881,715.8633489513101,704.0563165931343,713.9254760742188,40012500.0,1.06,0.38,1.67,2.7199999999999998,12.13,493.98714094091565,495.4307726401717,492.47380850463827,494.9628601074219,3256800.0,-0.15,-0.35000000000000003,0.6,-0.38,2.6100000000000003,17.8700008392334,-0.67,1,0.79,1.0,0.7100000000000001,1.0,0.74,1.0,normal,,
2026-05-14,77,0.2165,0.34,0.5322,-0.872,0.936,0.2597,0.5714,0.2228,0.1354,0.1031,0.0323,positive,741.7391534739264,747.6040491923611,741.649357949993,746.2474975585938,45307600.0,0.79,0.18,0.8,2.27,6.63,713.8355094170396,721.2374091114184,713.4359241362712,718.9998168945312,33327500.0,0.7100000000000001,-0.01,1.09,3.58,12.379999999999999,499.1942238938051,499.96084081248506,496.6653390791464,498.6067810058594,4920500.0,0.74,0.8500000000000001,0.67,0.9900000000000001,3.17,17.260000228881836,-3.4099999999999997,1,-1.2,0.0,-1.51,0.0,-1.03,0.0,normal,,
2026-05-15,80,-0.0032,0.0,0.5486,-0.9659,0.9337,0.45,0.4625,-0.0061,0.0661,0.0838,-0.0177,neutral,739.8838927249178,741.5496453663399,736.0637780312098,737.2706298828125,60410800.0,-1.2,-0.8500000000000001,0.74,0.21,4.09,709.3604881552494,714.3450008365951,704.7754998097428,708.1517944335938,51792700.0,-1.51,-1.34,1.3299999999999998,-0.32,9.26,495.4150770768555,495.8334512881113,493.18363648098347,493.4725341796875,5300700.0,-1.03,-0.64,0.53,-0.1,0.29,18.43000030517578,6.78,-1,-0.06999999999999999,0.0,-0.43,0.0,0.33,1.0,normal,,
2026-05-18,67,0.1013,0.0516,0.5602,-0.9308,0.9034,0.3731,0.5075,0.106,0.0175,0.0335,-0.016,positive,737.9289136337939,739.5147938000424,731.5054597381557,736.751953125,47843900.0,-0.06999999999999999,0.09,1.09,-0.09,4.22,710.7588622671137,711.2883097073819,698.0827906816122,705.1051025390625,49834500.0,-0.43,0.37,1.8599999999999999,-1.04,9.139999999999999,493.75145574381736,495.7338539186118,491.70932022581155,495.10626220703125,5496200.0,0.33,0.06,0.8200000000000001,0.04,0.6,17.81999969482422,-3.3099999999999996,-1,-0.67,0.0,-0.62,0.0,-0.61,0.0,normal,,
2026-05-19,73,-0.0519,0.0,0.5136,-0.9412,0.8834,0.4521,0.3973,-0.0535,-0.0172,0.018,-0.0352,negative,732.8919551385734,735.7545755811656,729.650306265128,731.8446044921875,54255900.0,-0.67,-0.52,0.83,-0.6,4.21,699.0418050981273,705.714465040699,694.4868131207006,700.7599487304688,46827500.0,-0.62,-0.86,1.59,-0.8099999999999999,8.88,492.9346105000241,494.4388363874358,490.693228805863,492.087890625,5361300.0,-0.61,-0.44,0.76,-0.73,0.59,18.059999465942383,1.35,-1,1.02,1.0,1.66,1.0,1.27,1.0,normal,,
2026-05-20,72,0.1585,0.34,0.6095,-0.9694,0.9517,0.3194,0.625,0.146,0.0706,0.0435,0.0271,positive,733.8195334397973,739.9636778498481,732.0042028263388,739.3452758789062,45768000.0,1.02,0.27,1.09,-0.13999999999999999,4.22,704.5157692199168,712.3671875,703.0174157954351,712.3671875,36779200.0,1.66,0.54,1.3299999999999998,-0.22,8.86,493.9705964122313,499.01121196968666,490.60353842469453,498.3238525390625,6516100.0,1.27,0.38,1.71,0.6799999999999999,1.16,17.440000534057617,-3.4299999999999997,1,0.2,1.0,0.19,1.0,0.5700000000000001,1.0,normal,,
2026-05-21,75,0.1206,0.1027,0.5683,-0.9169,0.9393,0.36,0.5067,0.1193,0.0956,0.0575,0.0381,positive,736.7419902854853,742.9559620700644,735.1361419849363,740.8114624023438,43332200.0,0.2,-0.35000000000000003,1.06,-0.73,4.84,708.2116871156971,716.3327671783537,705.9941534147096,713.7256469726562,36415400.0,0.19,-0.58,1.4500000000000002,-0.73,9.68,496.86949069063616,502.11929373722353,495.3054970632367,501.1828918457031,6576000.0,0.5700000000000001,-0.29,1.37,0.52,2.11,16.760000228881836,-3.9,1,0.38999999999999996,1.0,0.42,1.0,0.6,1.0,normal,,
2026-05-22,79,0.1741,0.2732,0.566,-0.886,0.975,0.3291,0.5823,0.1846,0.1349,0.0787,0.0561,positive,744.3224328967863,747.015507083493,742.566945697205,743.7239990234375,41762000.0,0.38999999999999996,0.47000000000000003,0.6,0.88,4.44,717.2817668085307,721.3273088449104,715.1640988544713,716.7523193359375,33118600.0,0.42,0.5,0.86,1.21,8.08,505.06800209701606,506.7913561969131,503.75305081567,504.181396484375,5172200.0,0.6,0.7799999999999999,0.61,2.17,2.88,16.700000762939453,-0.36,1,,0.0,,0.0,,0.0,normal,,
2026-05-25,63,0.1795,0.2732,0.5029,-0.9794,0.9717,0.2698,0.619,0.1858,0.1339,0.0926,0.0413,positive,,,,,,,,,,,,,,,,,,,,,,,,,,,,,,,16.59000015258789,-0.66,0,0.66,1.0,1.78,1.0,-0.16999999999999998,0.0,normal,,
2026-05-26,67,0.055,0.0,0.5201,-0.969,0.9633,0.3134,0.4478,0.0502,0.0944,0.0857,0.0087,positive,748.0827892360243,750.1973368284331,746.4469887578754,748.6613159179688,41123600.0,0.66,0.59,0.5,1.6199999999999999,4.95,725.1631283460116,730.3673702569255,723.3650554496121,729.4783935546875,34254700.0,1.78,1.17,0.98,3.46,9.94,505.62581806531466,506.293234682036,502.039601376259,503.314697265625,3897800.0,-0.16999999999999998,0.29,0.84,1.66,2.79,17.010000228881836,2.53,1,-0.02,0.0,-0.11,0.0,0.32,1.0,normal,,
2026-05-27,66,0.2563,0.3612,0.5037,-0.9349,0.9231,0.2273,0.6061,0.256,0.1754,0.1167,0.0586,positive,748.9505199197505,749.4492351039673,746.2973210478585,748.5316162109375,42106300.0,-0.02,0.04,0.42,2.2800000000000002,5.45,732.155448805963,732.515039000156,724.6436840304248,728.6492919921875,35148700.0,-0.11,0.37,1.08,3.9800000000000004,10.93,503.9921032356511,506.7515126198921,503.87256774187756,504.9384765625,4247800.0,0.32,0.13,0.5700000000000001,2.6100000000000003,3.2,16.290000915527344,-4.2299999999999995,-1,0.5499999999999999,1.0,0.84,1.0,0.03,1.0,normal,,
2026-05-28,66,0.1458,0.181,0.5047,-0.8126,0.9679,0.303,0.5909,0.1563,0.1606,0.122,0.0386,positive,748.3221518516883,753.2095851254732,747.3047533704411,752.6609497070312,41562600.0,0.5499999999999999,-0.03,0.79,1.7999999999999998,6.05,728.9289290608506,735.7913827320126,725.6125662306399,734.79248046875,32840000.0,0.84,0.04,1.4000000000000001,3.15,11.19,503.40434656672966,506.2633484804659,501.7108764718307,505.1077880859375,3709600.0,0.03,-0.3,0.8999999999999999,1.3599999999999999,3.82,15.739999771118164,-3.38,1,0.25,1.0,0.37,1.0,0.74,1.0,normal,,
2026-05-29,65,0.1858,0.296,0.5643,-0.9578,0.9371,0.3077,0.5692,0.1822,0.1732,0.1336,0.0396,positive,753.9576670103595,756.1320579864754,752.7507543048832,754.5361328125,55075700.0,0.25,0.16999999999999998,0.44999999999999996,1.8499999999999999,5.26,737.0300569298091,740.815874477768,734.4428732975097,737.49951171875,37541700.0,0.37,0.3,0.8699999999999999,3.3300000000000005,10.57,505.95451313297866,509.35145497857326,505.25721268181655,508.823486328125,5346700.0,0.74,0.16999999999999998,0.8099999999999999,1.52,2.9000000000000004,15.319999694824219,-2.67,1,0.27,1.0,0.6,1.0,0.13,1.0,normal,0.783,
2026-06-01,75,0.1745,0.2617,0.5384,-0.9498,0.9623,0.3067,0.56,0.1672,0.1811,0.16,0.0211,positive,753.4189990020213,758.3264003155792,752.7507376917755,756.5908203125,43634900.0,0.27,-0.15,0.74,1.73,5.26,736.2309273283665,744.8315224447946,735.1820921097265,741.9246826171875,33890600.0,0.6,-0.16999999999999998,1.31,3.51,10.17,507.8970815176992,509.89936176046314,506.3828842547202,509.4809875488281,4424800.0,0.13,-0.18,0.69,1.05,3.37,16.049999237060547,4.77,1,0.13999999999999999,1.0,0.45999999999999996,1.0,0.51,1.0,normal,0.733,
2026-06-02,80,0.185,0.2732,0.5681,-0.9201,0.9404,0.325,0.6125,0.1777,0.1831,0.1646,0.0185,positive,755.0847737682097,758.4461093852723,754.805464031348,757.6182250976562,31581900.0,0.13999999999999999,-0.2,0.48,1.2,5.79,741.5850600741305,745.6206032443648,738.4184960219842,745.3408813476562,30085200.0,0.45999999999999996,-0.05,0.97,2.17,10.89,507.1300293025965,512.5193107280277,506.9806099360417,512.0809936523438,5078000.0,0.51,-0.45999999999999996,1.09,1.7399999999999998,5.06,15.770000457763672,-1.7399999999999998,1,-0.7000000000000001,0.0,-0.26,0.0,-1.13,0.0,normal,0.767,
2026-06-03,80,-0.0135,0.0,0.5186,-0.9531,0.9732,0.4375,0.4375,-0.0114,0.0848,0.1322,-0.0474,neutral,756.2018667594974,756.8501599793441,751.6336185743088,752.3018798828125,51402500.0,-0.7000000000000001,-0.19,0.69,0.5,4.21,746.4896389980919,747.828194840854,740.1965670083828,743.39306640625,40270200.0,-0.26,0.15,1.02,2.02,9.180000000000001,509.2120285751664,510.88555580883906,506.0441861378762,506.31317138671875,4098000.0,-1.13,-0.5599999999999999,0.95,0.27,3.16,16.059999465942383,1.8399999999999999,-1,0.38,1.0,-0.48,0.0,1.66,1.0,normal,0.283,
2026-06-04,68,0.0434,0.0516,0.5563,-0.9211,0.9584,0.3824,0.5147,0.0518,0.0641,0.116,-0.052,neutral,750.1673635570705,756.3614281257201,749.5389775481502,755.1445922851562,49923000.0,0.38,-0.27999999999999997,0.91,0.33,3.17,734.6726235372454,742.6838392688934,731.815777671541,739.7969970703125,40782600.0,-0.48,-1.17,1.46,0.6799999999999999,6.4399999999999995,511.72240576303636,515.5975204136839,510.7162646572072,514.7208862304688,6390700.0,1.66,1.0699999999999998,0.96,1.9,3.5900000000000003,15.399999618530273,-4.109999999999999,1,-2.58,0.0,-4.8,0.0,-1.35,0.0,normal,0.383,
2026-06-05,63,0.0265,0.0,0.584,-0.9273,0.9578,0.4444,0.4762,0.0386,0.0453,0.0997,-0.0545,neutral,750.3768677170906,750.8855669656407,733.6400171295905,735.65478515625,93989400.0,-2.58,-0.63,2.2800000000000002,-2.5,0.8200000000000001,729.2585667367451,730.8867822650427,703.5468328396532,704.2860107421875,99606600.0,-4.8,-1.4200000000000002,3.6999999999999997,-4.5,1.46,515.7269782585946,515.7668031535429,506.8012768795074,507.7476501464844,6610700.0,-1.35,0.2,1.7399999999999998,-0.21,2.8400000000000003,21.510000228881836,39.68,-1,0.22999999999999998,1.0,1.5599999999999998,1.0,-0.15,0.0,normal,0.35,
2026-06-08,76,0.1446,0.2023,0.5325,-0.9186,0.9062,0.3684,0.5789,0.1555,0.1015,0.0959,0.0056,positive,741.4498108327123,743.4247643242134,736.2931129658897,737.3204345703125,49319100.0,0.22999999999999998,0.79,0.97,-2.55,0.22,717.0220156925686,722.2363170978037,712.2872288217055,715.283935546875,47401500.0,1.5599999999999998,1.81,1.41,-3.5900000000000003,0.6799999999999999,508.8135542909367,511.7921221765377,506.3729569219221,506.960693359375,4825700.0,-0.15,0.21,1.0699999999999998,-0.49,2.63,18.920000076293945,-12.04,1,-0.29,0.0,-1.15,0.0,0.1,1.0,normal,0.65,
2026-06-09,84,0.1235,0.0898,0.5393,-0.9924,0.9517,0.369,0.5119,0.1116,0.1125,0.1009,0.0116,positive,741.7191759970133,744.9807928982774,720.7332622187009,735.1560668945312,87683500.0,-0.29,0.6,3.29,-2.96,-0.3,722.1863106332692,724.863361278284,685.6165148330579,707.052978515625,91932200.0,-1.15,0.96,5.489999999999999,-5.140000000000001,-0.77,509.5208185239108,511.5728949889256,501.152969882435,507.458740234375,6249400.0,0.1,0.5,2.06,-0.8999999999999999,2.53,19.8700008392334,5.0200000000000005,-1,-1.58,0.0,-2.0,0.0,-1.7999999999999998,0.0,normal,0.567,
2026-06-10,97,0.0577,0.1531,0.5229,-0.9413,0.9353,0.4021,0.5258,0.0535,0.0851,0.0931,-0.008,positive,731.5054857614351,736.4826536495077,723.4661992814284,723.56591796875,60341300.0,-1.58,-0.5,1.77,-3.82,-1.73,700.8897497708573,710.4992458337158,692.1693523412803,692.9285278320312,65334300.0,-2.0,-0.8699999999999999,2.59,-6.79,-1.92,505.546089809293,506.79130178277404,498.18441243042827,498.3338317871094,5153400.0,-1.7999999999999998,-0.38,1.7000000000000002,-1.58,0.53,22.219999313354492,11.83,-1,1.7000000000000002,1.0,3.38,1.0,1.82,1.0,normal,0.433,
2026-06-11,76,0.0564,0.0935,0.5526,-0.9337,0.8913,0.4211,0.5395,0.0521,0.0707,0.0864,-0.0156,positive,726.8873842592473,738.0984921563339,722.5485255148498,735.8642578125,86330500.0,1.7000000000000002,0.45999999999999996,2.15,-2.55,-0.61,698.5223198057862,717.5813914617661,694.2370511794155,716.332763671875,71798900.0,3.38,0.8099999999999999,3.37,-3.17,0.33999999999999997,501.262616254668,508.8036279162555,499.6488262611839,507.4089660644531,6353900.0,1.82,0.59,1.8399999999999999,-1.4200000000000002,2.5100000000000002,19.440000534057617,-12.509999999999998,1,0.54,1.0,0.59,1.0,0.73,1.0,normal,0.417,
2026-06-12,78,0.2109,0.2732,0.5691,-0.9542,0.9753,0.2821,0.6026,0.2044,0.1408,0.109,0.0318,positive,738.8066884479139,742.5270843334097,733.1412911200548,739.843994140625,57079500.0,0.54,0.4,1.28,0.5700000000000001,-0.86,716.8222099862159,723.2152086039907,710.4992028084189,720.5481567382812,51168400.0,0.59,0.06999999999999999,1.78,2.31,0.22,510.9254557850516,513.3261978391612,507.52851370091656,511.09478759765625,8384500.0,0.73,0.69,1.1400000000000001,0.66,2.5,17.68000030517578,-9.049999999999999,1,1.76,1.0,3.1399999999999997,1.0,1.05,1.0,normal,0.867,
2026-06-15,79,0.4121,0.5423,0.4788,-0.7351,0.979,0.1772,0.7342,0.4025,0.326,0.2078,0.1183,positive,749.9179969688896,754.7356026867302,749.8282623277308,752.890380859375,60176400.0,1.76,1.3599999999999999,0.66,2.11,2.12,737.2897407963812,743.9424640540115,736.5705604269921,743.1832885742188,46710200.0,3.1399999999999997,2.32,1.02,3.9,4.95,517.2411758102631,518.8450552423092,515.8863996055227,516.4542236328125,5379400.0,1.05,1.2,0.58,1.87,4.66,16.200000762939453,-8.37,1,-0.6,0.0,-1.9,0.0,0.58,1.0,normal,0.983,
2026-06-16,76,0.2658,0.3715,0.5317,-0.9042,0.9732,0.2632,0.6316,0.2595,0.2959,0.2183,0.0776,positive,752.6111046530555,753.4988323298886,747.9531216783239,748.4019775390625,67093100.0,-0.6,-0.04,0.74,1.7999999999999998,1.58,741.4351902855873,743.4029984406948,728.8390476265988,729.0587768554688,45348700.0,-1.9,-0.24,1.96,3.11,3.4000000000000004,518.326982880346,521.2955488852413,518.0679690514738,519.4426879882812,4812600.0,0.58,0.36,0.62,2.36,4.92,16.40999984741211,1.3,-1,-1.25,0.0,-1.01,0.0,-0.9900000000000001,0.0,normal,0.933,
2026-06-17,78,0.1519,0.2132,0.5424,-0.9217,0.9201,0.3077,0.6154,0.1391,0.2239,0.2062,0.0177,positive,749.3594421826946,750.217278570044,737.3204502885575,739.0560302734375,85945200.0,-1.25,0.13,1.72,2.1399999999999997,0.9900000000000001,734.38293083454,734.8723831709506,720.058646070882,721.7168579101562,51669300.0,-1.01,0.73,2.03,4.15,2.9899999999999998,519.2633495181406,522.1621761569163,513.3261571098552,514.3223266601562,6563500.0,-0.9900000000000001,-0.03,1.7000000000000002,3.2099999999999995,4.52,18.440000534057617,12.370000000000001,-1,1.04,1.0,2.5100000000000002,1.0,0.12,1.0,normal,0.683,
2026-06-18,69,0.145,0.25,0.5564,-0.8229,0.9337,0.3623,0.5942,0.1376,0.1844,0.1951,-0.0107,positive,747.760009765625,748.22998046875,743.8599853515625,746.739990234375,80875700.0,1.04,1.18,0.59,1.48,1.0,736.390778085872,741.005701773832,731.7059239216511,739.8070068359375,50154600.0,2.5100000000000002,2.03,1.29,3.2800000000000002,3.85,517.8534533091957,518.9422679597349,514.85678957084,514.9467163085938,7134400.0,0.12,0.69,0.79,1.49,3.34,16.399999618530273,-11.06,1,-0.31,0.0,-0.25,0.0,0.3,1.0,normal,0.65,
2026-06-22,66,0.0858,0.1655,0.6043,-0.9652,0.9356,0.3182,0.5455,0.0787,0.1559,0.1943,-0.0384,positive,747.7000122070312,750.1799926757812,743.1300048828125,744.3900146484375,46628100.0,-0.31,0.13,0.9400000000000001,0.61,0.48,742.02001953125,745.4500122070312,734.3900146484375,737.9500122070312,43518600.0,-0.25,0.3,1.49,2.42,3.39,516.2652815265023,518.3329259583188,515.4161901777405,516.5050048828125,6552200.0,0.3,0.26,0.5700000000000001,1.06,3.06,17.280000686645508,5.37,-1,-1.4500000000000002,0.0,-3.29,0.0,-0.09,0.0,normal,0.433,
2026-06-23,69,0.1707,0.1779,0.5127,-0.8381,0.9393,0.3043,0.5507,0.1652,0.1633,0.19,-0.0267,positive,733.8099975585938,739.6300048828125,732.2999877929688,733.5800170898438,66846800.0,-1.4500000000000002,-1.4200000000000002,0.98,-2.56,-1.3599999999999999,715.739990234375,723.6099853515625,712.1099853515625,713.6500244140625,53354200.0,-3.29,-3.01,1.5599999999999998,-3.9699999999999998,-0.43,514.107626192277,518.1431114317724,512.3995059047012,516.0454711914062,5039200.0,-0.09,-0.45999999999999996,1.11,-0.08,2.35,19.489999771118164,12.790000000000001,-1,-0.05,0.0,-0.42,0.0,0.37,1.0,normal,0.717,
2026-06-24,83,0.0372,0.0,0.5418,-0.9349,0.926,0.4096,0.4819,0.0406,0.1003,0.1622,-0.062,neutral,735.1699829101562,739.9500122070312,730.8400268554688,733.239990234375,57439500.0,-0.05,0.22,1.24,-2.03,-2.06,715.3699951171875,719.9299926757812,704.4500122070312,710.6199951171875,52480400.0,-0.42,0.24,2.17,-2.53,-2.59,515.6159335602632,521.8489841325076,515.4361410592113,517.943359375,4395900.0,0.37,-0.08,1.24,-0.29,2.91,18.6299991607666,-4.41,-1,0.13999999999999999,1.0,0.8099999999999999,1.0,0.13999999999999999,1.0,normal,0.267,
2026-06-25,71,0.1527,0.296,0.6007,-0.9313,0.9413,0.3803,0.5493,0.1535,0.1265,0.1605,-0.034,positive,738.9099731445312,739.3699951171875,729.5999755859375,734.2999877929688,53934400.0,0.13999999999999999,0.77,1.3299999999999998,-0.64,-1.9,725.9000244140625,726.8300170898438,705.2999877929688,716.3800048828125,49668000.0,0.8099999999999999,2.15,3.0300000000000002,-0.74,-1.68,520.6104025406712,525.984424480063,517.9733237740062,518.6825561523438,5357500.0,0.13999999999999999,0.51,1.55,0.8500000000000001,2.7199999999999998,18.889999389648438,1.4000000000000001,1,-0.72,0.0,-1.38,0.0,-0.29,0.0,normal,0.717,
2026-06-26,72,0.019,0.0,0.5832,-0.9545,0.9022,0.4444,0.4167,0.0291,0.0727,0.1348,-0.062,neutral,728.9500122070312,736.530029296875,716.5800170898438,728.989990234375,71034000.0,-0.72,-0.73,2.7199999999999998,-2.3800000000000003,-3.1399999999999997,707.1300048828125,715.5599975585938,702.8099975585938,706.52001953125,47081800.0,-1.38,-1.29,1.78,-4.5,-3.85,516.425028433954,520.7002977788995,515.5260049646629,517.1741943359375,3823600.0,-0.29,-0.44,1.0,0.43,2.39,18.40999984741211,-2.54,-1,1.6500000000000001,1.0,2.4899999999999998,1.0,0.76,1.0,normal,0.217,
2026-06-29,74,0.1732,0.2023,0.5748,-0.9523,0.8748,0.3378,0.5946,0.1736,0.1593,0.1525,0.0068,positive,736.530029296875,741.5599975585938,732.0900268554688,741.0,58035200.0,1.6500000000000001,1.03,1.3,-0.45999999999999996,-1.79,713.989990234375,724.5800170898438,705.1699829101562,724.0800170898438,44939100.0,2.4899999999999998,1.06,2.75,-1.8800000000000001,-1.82,520.050972459182,522.3983344576462,518.8223599457269,521.0997924804688,5733400.0,0.76,0.5599999999999999,0.69,0.89,2.41,17.649999618530273,-4.130000000000001,1,0.7799999999999999,1.0,1.7000000000000002,1.0,0.13999999999999999,1.0,normal,0.75,
2026-06-30,70,0.1052,0.2096,0.6095,-0.9118,0.9612,0.3714,0.5429,0.1005,0.1322,0.1439,-0.0116,positive,741.2899780273438,748.02001953125,740.8900146484375,746.77001953125,55626000.0,0.7799999999999999,0.04,0.96,1.7999999999999998,-1.3,724.1799926757812,737.6199951171875,723.9099731445312,736.4000244140625,42121800.0,1.7000000000000002,0.01,1.8900000000000001,3.19,-0.74,521.7690264643859,522.5581868583288,519.0121473038711,521.8090209960938,3607900.0,0.13999999999999999,0.13,0.6799999999999999,1.1199999999999999,2.42,16.450000762939453,-6.800000000000001,1,-0.13999999999999999,0.0,-1.52,0.0,0.0,0.0,normal,0.467,
2026-07-01,68,0.1646,0.2263,0.473,-0.9201,0.8807,0.3088,0.6029,0.1715,0.1484,0.1477,0.0008,positive,745.0,749.4400024414062,742.3800048828125,745.760009765625,47100900.0,-0.13999999999999999,-0.24,0.95,1.71,-1.5699999999999998,729.1900024414062,731.9199829101562,724.5999755859375,725.1699829101562,40803800.0,-1.52,-0.98,0.9900000000000001,2.0500000000000003,-2.71,520.8500778562403,526.1341725690525,519.0420933088317,521.8190307617188,3438400.0,0.0,-0.18,1.3599999999999999,0.75,1.9,16.59000015258789,0.8500000000000001,-1,-0.13,0.0,-1.73,0.0,1.05,1.0,normal,0.717,
2026-07-02,65,0.0964,0.0772,0.4883,-0.9042,0.9153,0.3538,0.5077,0.0986,0.1224,0.1383,-0.0159,positive,747.4000244140625,751.3099975585938,740.030029296875,744.780029296875,57447800.0,-0.13,0.22,1.51,1.43,-1.0,725.5800170898438,730.8300170898438,707.5599975585938,712.5999755859375,50959800.0,-1.73,0.06,3.2099999999999995,-0.53,-4.14,524.9056119498302,527.6725510432186,523.147559426982,527.29296875,3518700.0,1.05,0.59,0.8699999999999999,1.66,4.14,16.149999618530273,-2.65,-1,0.8699999999999999,1.0,1.43,1.0,0.42,1.0,normal,0.433,
2026-07-06,76,0.1923,0.3291,0.5357,-0.9042,0.9062,0.3026,0.5921,0.1871,0.1584,0.1558,0.0026,positive,748.739990234375,752.4099731445312,747.4099731445312,751.280029296875,50673300.0,0.8699999999999999,0.53,0.67,3.06,-0.51,719.9299926757812,726.0800170898438,718.4500122070312,722.8200073242188,30220400.0,1.43,1.03,1.0699999999999998,2.31,-2.29,528.1319558341445,529.50048828125,525.2651525763463,529.50048828125,3236900.0,0.42,0.16,0.8,2.3800000000000003,2.87,15.569999694824219,-3.5900000000000003,1,-0.48,0.0,-1.8499999999999999,0.0,-0.31,0.0,normal,0.867,
2026-07-07,73,0.2069,0.3875,0.5543,-0.9509,0.9531,0.3288,0.6027,0.2126,0.1826,0.1651,0.0176,positive,750.219970703125,750.9600219726562,745.2100219726562,747.7100219726562,43721500.0,-0.48,-0.13999999999999999,0.77,0.91,1.6400000000000001,714.1699829101562,716.3499755859375,704.9000244140625,709.4299926757812,42483100.0,-1.8499999999999999,-1.2,1.58,-2.02,0.73,531.9177869825128,531.9477219154921,526.5237681222028,527.8623046875,4489200.0,-0.31,0.45999999999999996,1.02,1.3,3.9600000000000004,16.1299991607666,3.5999999999999996,-1,-0.31,0.0,0.27999999999999997,1.0,-1.0699999999999998,0.0,normal,0.883,
2026-07-08,72,0.0427,0.1777,0.6129,-0.9377,0.9565,0.4167,0.5417,0.0459,0.1127,0.1428,-0.0302,neutral,743.1599731445312,746.1500244140625,739.510009765625,745.4000244140625,43767400.0,-0.31,-0.61,0.89,-0.18,1.0999999999999999,704.9500122070312,712.260009765625,700.9099731445312,711.4400024414062,35603200.0,0.27999999999999997,-0.63,1.6,-3.39,-0.54,522.7579719991566,523.8767214661672,519.4516557950445,522.1885986328125,3575000.0,-1.0699999999999998,-0.97,0.84,0.06999999999999999,3.0,16.899999618530273,4.77,-1,0.8500000000000001,1.0,1.66,1.0,0.27,1.0,normal,0.217,
2026-07-09,80,0.1255,0.1655,0.5251,-0.8555,0.872,0.35,0.525,0.1298,0.1191,0.1397,-0.0206,positive,747.3499755859375,751.969970703125,745.5900268554688,751.7100219726562,41441700.0,0.8500000000000001,0.26,0.86,0.8,2.25,718.3300170898438,724.22998046875,715.1300048828125,723.280029296875,33654700.0,1.66,0.97,1.28,-0.26,2.3,523.0676781412103,524.5660100053017,521.5593476432603,523.6070556640625,3056400.0,0.27,0.16999999999999998,0.58,0.33999999999999997,3.18,15.84000015258789,-6.2700000000000005,1,0.43,1.0,0.31,1.0,0.3,1.0,normal,0.5,
2026-07-10,81,0.0926,0.0,0.4815,-0.9153,0.9694,0.3827,0.4815,0.0906,0.1058,0.1311,-0.0253,positive,752.0499877929688,755.4199829101562,748.0999755859375,754.9500122070312,42191300.0,0.43,0.05,0.97,1.37,4.34,720.7000122070312,726.3900146484375,717.0,725.510009765625,26415900.0,0.31,-0.36,1.3,1.81,4.7,525.0553925421052,525.8844255113287,521.1597057743865,525.1952514648438,3469400.0,0.3,0.27999999999999997,0.8999999999999999,-0.4,5.390000000000001,15.029999732971191,-5.11,1,-0.77,0.0,-1.9,0.0,-0.25,0.0,normal,0.383,
2026-07-13,77,0.1323,0.25,0.5499,-0.9246,0.926,0.3377,0.5974,0.1305,0.1295,0.1345,-0.005,positive,752.469970703125,753.9099731445312,748.0,749.1699829101562,44013600.0,-0.77,-0.33,0.7799999999999999,-0.27999999999999997,1.81,717.719970703125,718.739990234375,710.0800170898438,711.739990234375,36552400.0,-1.9,-1.0699999999999998,1.1900000000000002,-1.53,-0.64,525.2551900972999,527.2729020052334,522.3184575125211,523.8866577148438,2723800.0,-0.25,0.01,0.9400000000000001,-1.06,3.25,17.15999984741211,14.17,-1,0.36,1.0,1.1199999999999999,1.0,0.04,1.0,normal,0.533,
2026-07-14,65,0.1556,0.1808,0.4743,-0.8316,0.9217,0.2462,0.6,0.155,0.1426,0.1383,0.0043,positive,750.9099731445312,753.3400268554688,748.6599731445312,751.8300170898438,35143100.0,0.36,0.22999999999999998,0.62,0.5499999999999999,1.6199999999999999,720.219970703125,722.2899780273438,714.3400268554688,719.6900024414062,29448100.0,1.1199999999999999,1.1900000000000002,1.1199999999999999,1.4500000000000002,-0.12,522.737973895809,526.1341558554799,521.9788094085668,524.1064453125,3664000.0,0.04,-0.22,0.79,-0.7100000000000001,2.55,16.5,-3.85,1,0.4,1.0,-0.27,0.0,0.24,1.0,normal,0.7,
2026-07-15,93,0.2123,0.34,0.5591,-0.9509,0.9633,0.2796,0.6344,0.2054,0.1774,0.1518,0.0257,positive,754.239990234375,755.5800170898438,750.2000122070312,754.8099975585938,43844800.0,0.4,0.32,0.72,1.26,0.25,723.8499755859375,724.3599853515625,710.22998046875,717.739990234375,32627600.0,-0.27,0.58,1.96,0.89,-3.42,525.3151801022778,527.1431010945205,523.1176144907313,525.3651123046875,3246900.0,0.24,0.22999999999999998,0.77,0.61,1.73,15.670000076293945,-5.029999999999999,1,-0.54,0.0,-1.6400000000000001,0.0,-0.21,0.0,normal,0.917,
2026-07-16,75,0.1549,0.25,0.4985,-0.9337,0.91,0.2933,0.5867,0.1568,0.1662,0.1523,0.0138,positive,752.760009765625,754.5700073242188,747.8800048828125,750.719970703125,46409800.0,-0.54,-0.27,0.89,-0.13,0.31,712.010009765625,713.5999755859375,702.6099853515625,705.9400024414062,39402000.0,-1.6400000000000001,-0.8,1.53,-2.4,-3.17,526.2241163637253,527.3428659007595,522.4882854846348,524.246337890625,3173300.0,-0.21,0.16,0.9199999999999999,0.12,0.9199999999999999,16.729999542236328,6.76,-1,-0.9900000000000001,0.0,-1.5,0.0,-0.74,0.0,normal,0.667,
2026-07-17,85,-0.0138,0.0,0.5375,-0.9423,0.8977,0.4588,0.4471,-0.0191,0.0762,0.1221,-0.0459,neutral,742.0800170898438,747.2899780273438,740.7999877929688,743.2899780273438,62651000.0,-0.9900000000000001,-1.15,0.86,-1.54,0.5700000000000001,691.6500244140625,702.2999877929688,686.760009765625,695.3300170898438,54109300.0,-1.5,-2.02,2.1999999999999997,-4.16,-3.66,519.2095263843481,524.9247584603673,518.4701491841938,520.3785400390625,4741300.0,-0.74,-0.96,1.23,-0.9199999999999999,1.18,18.770000457763672,12.19,-1,-0.16,0.0,0.1,1.0,-0.5499999999999999,0.0,normal,0.067,
2026-07-20,80,0.1886,0.1901,0.5629,-0.9595,0.9698,0.3,0.5875,0.1869,0.1483,0.1348,0.0135,positive,747.0599975585938,748.72998046875,741.510009765625,742.0900268554688,50422300.0,-0.16,0.51,0.97,-0.95,-0.62,702.1599731445312,705.7999877929688,695.510009765625,696.0599975585938,29687600.0,0.1,0.98,1.48,-2.1999999999999997,-5.91,521.6075043352433,522.9664240184392,516.7315421959331,517.5109252929688,2336600.0,-0.5499999999999999,0.24,1.2,-1.22,0.5,18.649999618530273,-0.64,-1,0.83,1.0,1.8499999999999999,1.0,0.69,1.0,normal,0.833,
2026-07-21,61,0.1203,0.1531,0.5652,-0.9186,0.958,0.2951,0.6066,0.0931,0.1343,0.1321,0.0022,positive,746.2899780273438,749.0399780273438,744.1799926757812,748.280029296875,34324300.0,0.83,0.5700000000000001,0.65,-0.47000000000000003,0.52,706.5700073242188,710.0499877929688,702.7999877929688,708.969970703125,33728300.0,1.8499999999999999,1.51,1.04,-1.49,-3.93,519.1994945843294,522.5766991536548,517.6907358526108,521.0779418945312,3240700.0,0.69,0.33,0.9400000000000001,-0.58,0.89,17.049999237060547,-8.58,1,-0.12,0.0,-0.51,0.0,-0.01,0.0,normal,0.433,
2026-07-22,71,0.0904,0.0,0.5266,-0.8658,0.8979,0.3521,0.493,0.0871,0.1123,0.1245,-0.0122,positive,746.6199951171875,750.02001953125,746.3699951171875,747.4099731445312,32836200.0,-0.12,-0.22,0.49,-0.98,1.8900000000000001,703.6199951171875,709.6500244140625,703.6199951171875,705.3499755859375,23692200.0,-0.51,-0.75,0.8500000000000001,-1.73,-1.16,521.1978654680814,523.9355857836151,520.5783839799501,521.0379638671875,3204100.0,-0.01,0.02,0.64,-0.8200000000000001,0.97,16.639999389648438,-2.4,-1,-1.23,0.0,-1.9,0.0,-1.0,0.0,normal,0.317,
2026-07-23,65,-0.0517,0.0,0.5776,-0.9669,0.9561,0.4615,0.4615,-0.0556,0.0303,0.0925,-0.0622,negative,739.3699951171875,742.5599975585938,735.2100219726562,738.1799926757812,55437300.0,-1.23,-1.08,0.98,-1.67,0.67,694.6699829101562,698.6599731445312,687.7899780273438,691.9600219726562,44028600.0,-1.9,-1.51,1.54,-1.9800000000000002,-2.63,514.6433197905752,517.7407273354341,514.2935731422237,515.8323364257812,4305100.0,-1.0,-1.23,0.66,-1.6,-0.41000000000000003,18.700000762939453,12.379999999999999,-1,0.1,1.0,-1.1199999999999999,0.0,0.48,1.0,normal,0.033,
2026-07-24,82,0.186,0.3182,0.457,-0.8689,0.8778,0.2805,0.5854,0.192,0.1082,0.1095,-0.0013,positive,738.510009765625,743.719970703125,737.2899780273438,738.9299926757812,44782000.0,0.1,0.04,0.8699999999999999,-0.59,0.63,690.4099731445312,692.6300048828125,682.47998046875,684.22998046875,42876700.0,-1.1199999999999999,-0.22,1.47,-1.6,-4.49,516.8515067996294,520.1287578866829,515.8423337411698,518.3302612304688,3328400.0,0.48,0.2,0.83,-0.38999999999999996,-0.06999999999999999,18.579999923706055,-0.64,1,0.02,1.0,-0.31,0.0,0.48,1.0,normal,0.833,
2026-07-27,80,0.1653,0.2023,0.5034,-0.8481,0.9509,0.3,0.575,0.1631,0.1453,0.1262,0.0191,positive,744.9099731445312,745.530029296875,735.8699951171875,739.0900268554688,41461200.0,0.02,0.8099999999999999,1.31,-0.4,1.39,691.6799926757812,692.2999877929688,675.9500122070312,682.1199951171875,42681500.0,-0.31,1.09,2.39,-2.0,-3.45,524.2653386997539,524.9048231453985,518.8597863162865,520.8281860351562,3355200.0,0.48,1.15,1.17,0.64,0.7100000000000001,18.670000076293945,0.48,1,0.24,1.0,-0.97,0.0,1.08,1.0,normal,0.7,
2026-07-28,72,0.1184,0.1859,0.5311,-0.9148,0.9403,0.3333,0.5417,0.1136,0.1319,0.1248,0.0071,positive,739.1900024414062,742.7899780273438,735.97998046875,740.8599853515625,47322200.0,0.24,0.01,0.9199999999999999,-0.9900000000000001,-0.02,676.22998046875,679.4000244140625,667.8800048828125,675.489990234375,51398700.0,-0.97,-0.86,1.69,-4.72,-6.710000000000001,525.7540589574571,528.0321382868459,523.2361272387634,526.4534912109375,5157900.0,1.08,0.95,0.9199999999999999,1.03,1.03,18.209999084472656,-2.46,1,-1.54,0.0,-2.04,0.0,-2.18,0.0,normal,0.417,
2026-07-29,70,0.1521,0.296,0.4835,-0.91,0.9403,0.2714,0.5857,0.1479,0.142,0.1298,0.0122,positive,739.969970703125,742.6799926757812,729.0999755859375,729.4600219726562,70697200.0,-1.54,-0.12,1.83,-2.4,-2.32,675.510009765625,680.0499877929688,661.1400146484375,661.72998046875,57233300.0,-2.04,0.0,2.8000000000000003,-6.18,-10.14,522.0271792621223,522.7365520179364,514.3934941403661,514.9829711914062,7369400.0,-2.18,-0.84,1.58,-1.16,-1.31,20.65999984741211,13.450000000000001,-1,1.68,1.0,3.3000000000000003,1.0,1.18,1.0,normal,0.6,
2026-07-30,82,0.227,0.2732,0.4469,-0.796,0.9062,0.2561,0.5854,0.2317,0.1845,0.1475,0.0371,positive,736.0499877929688,742.4500122070312,734.5900268554688,741.6900024414062,66811300.0,1.68,0.8999999999999999,1.08,0.48,-0.5499999999999999,674.760009765625,685.1199951171875,673.2999877929688,683.5499877929688,66753700.0,3.3000000000000003,1.97,1.79,-1.22,-5.74,518.4101710489763,521.5475232297872,515.4425999639255,521.0779418945312,3225300.0,1.18,0.67,1.1900000000000002,1.02,-0.13999999999999999,17.09000015258789,-17.28,1,0.72,1.0,0.65,1.0,0.54,1.0,normal,0.95,
2026-07-31,75,0.2159,0.2023,0.5039,-0.8963,0.9571,0.32,0.6,0.2135,0.2002,0.1599,0.0403,positive,744.6799926757812,748.9000244140625,737.6799926757812,747.030029296875,62445900.0,0.72,0.4,1.51,1.0999999999999999,0.3,692.1099853515625,695.77001953125,680.0499877929688,687.989990234375,50540500.0,0.65,1.25,2.3,0.5499999999999999,-3.45,523.6458287092661,525.1745294270598,518.8198131787835,523.8856201171875,3981100.0,0.54,0.49,1.22,1.0699999999999998,-0.65,15.989999771118164,-6.4399999999999995,1,1.4200000000000002,1.0,1.76,1.0,1.32,1.0,normal,0.917,
2026-08-03,76,0.1555,0.1901,0.5248,-0.872,0.9501,0.3553,0.5526,0.1393,0.1415,0.1429,-0.0014,positive,749.4400024414062,758.5800170898438,748.7999877929688,757.6699829101562,59927500.0,1.4200000000000002,0.32,1.31,2.5100000000000002,0.8500000000000001,688.2999877929688,701.5900268554688,685.8200073242188,700.0700073242188,44965100.0,1.76,0.05,2.29,2.63,-3.15,529.1113077329301,531.2096046803155,528.2520347946135,530.7799072265625,4328000.0,1.32,1.0,0.5599999999999999,1.91,0.24,15.859999656677246,-0.8099999999999999,1,1.7999999999999998,1.0,3.4000000000000004,1.0,1.73,1.0,normal,0.617,
2026-08-04,68,0.3452,0.4402,0.4556,-0.7269,0.9517,0.1618,0.6765,0.3346,0.2434,0.1797,0.0637,positive,760.6300048828125,773.4099731445312,760.52001953125,771.3300170898438,69154800.0,1.7999999999999998,0.38999999999999996,1.7000000000000002,4.109999999999999,3.16,708.1599731445312,725.6599731445312,707.530029296875,723.8499755859375,59778600.0,3.4000000000000004,1.16,2.59,7.16,2.03,537.4544273717906,541.6409588100173,535.5559769402913,539.9822998046875,6705400.0,1.73,1.26,1.15,2.5700000000000003,2.3,16.5,4.04,1,-0.2,0.0,-0.8999999999999999,0.0,0.44,1.0,normal,0.983,
2026-08-05,90,0.3153,0.4402,0.516,-0.9559,0.952,0.2111,0.7,0.3106,0.2793,0.2043,0.075,positive,775.8499755859375,776.8499755859375,769.510009765625,769.7899780273438,44689100.0,-0.2,0.59,0.95,5.53,3.27,726.25,728.5399780273438,716.9199829101562,717.2999877929688,33540200.0,-0.8999999999999999,0.33,1.6099999999999999,8.4,0.8200000000000001,542.849874814786,546.2970287569466,542.2004499173057,542.3602905273438,5256700.0,0.44,0.53,0.76,5.319999999999999,3.8600000000000003,15.8100004196167,-4.18,-1,-0.16,0.0,-0.37,0.0,-0.8500000000000001,0.0,normal,0.967,
2026-08-06,78,0.1915,0.3182,0.5074,-0.8378,0.9081,0.2821,0.6154,0.1969,0.2354,0.202,0.0334,positive,770.2100219726562,771.8200073242188,767.4600219726562,768.5599975585938,38416900.0,-0.16,0.05,0.5700000000000001,3.62,2.2399999999999998,710.8200073242188,719.3200073242188,708.5,714.6500244140625,33035900.0,-0.37,-0.8999999999999999,1.51,4.55,-1.1900000000000002,543.3494784018259,544.1188600128147,537.2445548484288,537.744140625,3651800.0,-0.8500000000000001,0.18,1.27,3.2,2.7,15.149999618530273,-4.17,-1,0.61,1.0,1.17,1.0,0.27,1.0,normal,0.8,
2026-08-07,85,0.2103,0.25,0.5032,-0.8555,0.9337,0.2941,0.5412,0.2053,0.2228,0.2035,0.0193,positive,771.02001953125,773.9199829101562,769.6099853515625,773.260009765625,43586300.0,0.61,0.32,0.5599999999999999,3.51,2.4299999999999997,720.1500244140625,723.6300048828125,716.510009765625,723.030029296875,31070400.0,1.17,0.77,1.0,5.09,-0.33999999999999997,538.2637543105071,539.7724521986628,536.9847853905668,539.1729736328125,2230100.0,0.27,0.1,0.52,2.92,2.6599999999999997,14.899999618530273,-1.6500000000000001,1,-0.03,0.0,-0.3,0.0,-0.12,0.0,low,0.833,
2026-08-10,91,0.1844,0.2732,0.5306,-0.9423,0.9485,0.3077,0.5824,0.1833,0.1499,0.1668,-0.0168,positive,772.5999755859375,775.0499877929688,771.6199951171875,773.030029296875,39249500.0,-0.03,-0.09,0.44,2.03,3.18,722.3900146484375,724.6699829101562,720.3300170898438,720.8699951171875,26243200.0,-0.3,-0.09,0.6,2.97,1.28,538.2537192399399,539.5726329870805,537.4343912613559,538.54345703125,3408900.0,-0.12,-0.16999999999999998,0.4,1.46,2.8000000000000003,15.460000038146973,3.7600000000000002,-1,-0.32,0.0,-0.33999999999999997,0.0,-0.32,0.0,normal,0.717,
2026-08-11,77,0.0989,0.1531,0.5178,-0.7906,0.9418,0.3377,0.5325,0.0884,0.1244,0.1544,-0.03,positive,774.530029296875,774.6099853515625,769.2000122070312,770.5599975585938,36740600.0,-0.32,0.19,0.7000000000000001,-0.1,2.4899999999999998,723.2899780273438,723.3499755859375,715.5,718.4500122070312,29286100.0,-0.33999999999999997,0.33999999999999997,1.09,-0.75,-0.16999999999999998,539.4626648763239,541.2711628758917,536.4651503366254,536.8348999023438,2826800.0,-0.32,0.16999999999999998,0.89,-0.58,2.4299999999999997,15.279999732971191,-1.16,-1,0.25,1.0,0.73,1.0,-0.02,0.0,normal,0.283,
2026-08-12,91,0.2133,0.3612,0.526,-0.9786,0.9661,0.2857,0.6044,0.2069,0.1688,0.1651,0.0037,positive,774.7100219726562,774.9000244140625,771.280029296875,772.489990234375,33179100.0,0.25,0.54,0.47000000000000003,0.35000000000000003,2.34,727.0800170898438,727.25,722.9199829101562,723.7000122070312,29066000.0,0.73,1.2,0.6,0.89,0.83,538.56346151789,538.743305076934,536.4152183131135,536.7050170898438,3167600.0,-0.02,0.32,0.43,-1.04,2.16,14.550000190734863,-4.78,1,0.7000000000000001,1.0,1.16,1.0,0.13999999999999999,1.0,low,0.883,
2026-08-13,75,0.2168,0.3612,0.5073,-0.9393,0.9081,0.28,0.64,0.2179,0.1928,0.1745,0.0183,positive,774.8699951171875,779.3699951171875,774.1099853515625,777.8800048828125,35634500.0,0.7000000000000001,0.31,0.6799999999999999,1.21,3.62,725.1500244140625,733.9600219726562,724.030029296875,732.0700073242188,31599700.0,1.16,0.2,1.37,2.44,3.6999999999999997,538.2537400437179,539.5226464753741,535.2462238432298,537.46435546875,2033100.0,0.13999999999999999,0.29,0.8,-0.05,2.52,14.630000114440918,0.5499999999999999,1,-0.2,0.0,-0.13999999999999999,0.0,-0.21,0.0,low,0.9,
2026-08-14,71,0.2287,0.2732,0.5126,-0.8807,0.9747,0.2958,0.5915,0.2293,0.2108,0.1844,0.0264,positive,778.5399780273438,778.7999877929688,775.4299926757812,776.3400268554688,31367900.0,-0.2,0.08,0.43,0.4,4.45,733.4099731445312,734.3900146484375,728.3200073242188,731.0700073242188,23790600.0,-0.13999999999999999,0.18,0.83,1.11,5.140000000000001,536.964765664867,537.8341010350777,535.7558070974129,536.3552856445312,2089100.0,-0.21,-0.09,0.38999999999999996,-0.52,3.0700000000000003,14.25,-2.6,-1,-0.47000000000000003,0.0,-0.16,0.0,-0.49,0.0,low,0.917,
2026-08-17,80,0.0435,0.0,0.5447,-0.9099,0.9042,0.425,0.475,0.0282,0.0635,0.1273,-0.0639,neutral,776.1799926757812,776.780029296875,772.510009765625,772.6699829101562,34356600.0,-0.47000000000000003,-0.02,0.5499999999999999,-0.05,4.12,732.9500122070312,734.5800170898438,729.27001953125,729.8699951171875,26452600.0,-0.16,0.26,0.73,1.25,4.859999999999999,534.0571772551467,535.5359315891661,533.0480042627617,533.7474365234375,2668100.0,-0.49,-0.43,0.45999999999999996,-0.89,3.1399999999999997,15.1899995803833,6.6000000000000005,-1,-0.6799999999999999,0.0,-1.69,0.0,-0.24,0.0,normal,0.15,
2026-08-18,75,0.1347,0.2023,0.5148,-0.9337,0.9331,0.3067,0.56,0.1234,0.0991,0.1287,-0.0296,positive,768.7000122070312,769.5,766.9199829101562,767.4500122070312,43920900.0,-0.6799999999999999,-0.51,0.33,-0.4,2.56,720.2100219726562,722.1300048828125,715.9199829101562,717.510009765625,48997200.0,-1.69,-1.32,0.8500000000000001,-0.13,1.2,532.938148219251,533.8174240983179,531.5792894914548,532.468505859375,3825700.0,-0.24,-0.15,0.42,-0.8099999999999999,2.19,15.84000015258789,4.279999999999999,-1,0.21,1.0,-0.2,0.0,0.26,1.0,normal,0.4,
2026-08-19,69,-0.0029,0.0,0.505,-0.9413,0.93,0.4493,0.4348,0.0063,0.0481,0.1047,-0.0567,neutral,770.3599853515625,772.469970703125,768.0999755859375,769.0599975585938,40306000.0,0.21,0.38,0.5700000000000001,-0.44,2.9000000000000004,720.3900146484375,721.5,712.6099853515625,716.0800170898438,35801700.0,-0.2,0.4,1.24,-1.05,1.52,534.8865119600056,536.2353691309871,533.1379617833902,533.827392578125,3062700.0,0.26,0.44999999999999996,0.58,-0.54,2.45,14.890000343322754,-6.0,1,-0.84,0.0,-0.72,0.0,-1.27,0.0,low,0.067,0.4216
2026-08-20,69,0.1519,0.2023,0.5316,-0.946,0.9274,0.3333,0.5797,0.1547,0.1,0.1133,-0.0133,positive,765.9600219726562,768.1500244140625,762.0399780273438,762.5999755859375,45520300.0,-0.84,-0.4,0.79,-1.96,3.3099999999999996,712.0900268554688,714.9400024414062,708.52001953125,710.9299926757812,33396400.0,-0.72,-0.5599999999999999,0.8999999999999999,-2.8899999999999997,2.74,529.9106111187631,531.3394801124089,526.7632573034381,527.072998046875,2868500.0,-1.27,-0.73,0.86,-1.9300000000000002,2.18,16.010000228881836,7.5200000000000005,-1,0.41000000000000003,1.0,0.35000000000000003,1.0,0.98,1.0,normal,0.475,0.4346
2026-08-21,76,0.0255,0.0,0.5422,-0.93,0.9457,0.4342,0.4868,0.0218,0.0627,0.0973,-0.0346,neutral,766.0499877929688,767.8499755859375,764.1699829101562,765.719970703125,39030400.0,0.41000000000000003,0.44999999999999996,0.48,-1.37,3.63,715.22998046875,715.6699829101562,709.2000122070312,713.4400024414062,33297600.0,0.35000000000000003,0.6,0.91,-2.41,4.2700000000000005,530.030029296875,532.9099731445312,529.4299926757812,532.219970703125,3034400.0,0.98,0.5599999999999999,0.66,-0.77,2.68,15.130000114440918,-5.5,1,,0.0,,0.0,,0.0,normal,0.1,0.4248
